"","groupID","featureID","exonBaseMean","dispersion","stat","pvalue","padj","WT","KO","log2fold_KO_WT","countData.10_S2_Diff_S10","countData.11_F8P_Diff_S11","countData.12_S3_Diff_S12","countData.7_C1P_Diff_S7","countData.8_S1_Diff_S8","countData.9_F6_Diff_S9"
"1","LOC118567738","XR_004936030.1-1",94.7685125085326,0.00922860662717818,18.7496381505155,1.49051637181844e-05,0.0147965044294337,14.9278713773465,11.9904629443213,-0.639258375243226,89,72,158,76,107,79
"2","LOC118567738","XR_004936030.1-2",234.388216907919,0.00604290227106528,23.3337939809384,1.36186102083963e-06,0.00249837217483889,19.8703263588841,22.2129249517137,0.33028745907175,152,293,252,210,227,280
"3","Mff","XM_036154165.1-3",271.371460714132,0.00301323267965867,15.5901444369218,7.86635399123115e-05,0.0458382430903628,20.898170747645,24.2500738651001,0.442599288698168,187,301,282,321,230,330
"4","Ankmy1","XM_006529591.5-8",10.8033989599432,0.0485351134670106,15.7431814548722,7.2548962575669e-05,0.0433245778697971,2.65595752413705,5.69823065507131,2.20482366194002,3,5,4,16,3,35
"5","Gm41920","XR_878410.2-1",18.7428558944225,0.0437493860781351,30.4805792199493,3.37225549911109e-08,0.000120830022192837,4.79679047510206,7.21997317203542,1.1824365566457,10,24,13,18,17,30
"6","Gm41920","XR_878410.2-2",10.6611804618796,0.0626975908524416,26.5780728988944,2.53100070567109e-07,0.000604582247730907,5.69938801443163,2.53707336435136,-2.33759939500496,11,1,28,2,19,6
"7","Sec16b","XM_036154461.1-17",13.9225671341663,0.0443941692113237,18.2712560068749,1.91576183218094e-05,0.0175511405246992,3.05086539136352,6.70977351209902,2.27726614187172,7,27,4,14,4,25
"8","Prrc2c","NM_001081290.1-34",2779.73279187665,0.000521159963027972,30.5918575140749,3.1842730957218e-08,0.000117774962777184,62.2354068202162,66.5181647286014,0.238727502384455,2015,3361,3175,2248,1713,4165
"9","Lbr","XM_006497070.5-3",212.636808699032,0.002359740235974,15.3758987585615,8.81049291990199e-05,0.0497632264635528,18.6471344963844,21.4242484585442,0.410429243528563,171,261,248,223,153,229
"10","Gm33887","XM_030244781.1-3",4822.95949887902,0.000282479725963599,15.8427264153347,6.88305949107277e-05,0.0427713160202416,81.1157538863468,79.2498153885877,-0.0918649136746357,3902,4970,6406,4677,4874,4548
"11","Mia3","XM_036165972.1-1",428.433979788239,0.00125904089055784,17.5130554189201,2.85341575553928e-05,0.0228788072516519,26.2723017311965,29.3883437943141,0.338681937373432,290,512,450,383,281,659
"12","Nebl","XR_004940752.1-24",33.5918489659828,0.0117465022084891,18.0746295812176,2.12412965614341e-05,0.0185207952938472,9.78096433308048,6.56930870733018,-1.15313635440337,27,45,51,14,27,37
"13","Nebl","XR_004940752.1-25",41.6251716327651,0.0132217758046098,17.2985232787774,3.19434998451529e-05,0.0248310359677664,10.7832075003464,7.3752665713275,-1.10153626882908,36,59,55,25,36,37
"14","Rxra","XM_006497805.2-2",58.8144690918385,0.00602456961111616,42.4221955847477,7.35506062033339e-11,6.48705031235527e-07,12.296225776328,7.49766890594759,-1.43583942673777,71,26,119,27,96,21
"15","Rxra","XM_006497805.2-3",228.760919841066,0.00204003409926666,26.7446843771861,2.32189571707832e-07,0.000566433870486736,19.035398177884,22.783485422187,0.53247186117577,170,263,270,246,253,191
"16","Gm39783","XR_001783261.3-1",31.8410192311571,0.0150738800649541,24.0131602114124,9.5679486093245e-07,0.0017984292649966,9.39213164704827,5.67137188367863,-1.46049058551422,35,11,48,22,63,15
"17","1700001O22Rik","NR_028487.2-5",335.340307072602,0.00251843445664047,17.4238475963471,2.99050400425819e-05,0.0238114727861274,26.7163298719659,23.5199758207205,-0.381840603532568,260,326,403,405,478,188
"18","1700001O22Rik","XR_004940746.1-1",68.9432082917538,0.0144080509902064,20.4605163264596,6.08741512445232e-06,0.00762809664851863,9.08701829207925,13.5713054270866,1.16638265926041,39,97,54,141,34,63
"19","1700001O22Rik","XR_866021.3-1",68.9432082917538,0.0144080509902064,20.4605163264596,6.08741512445232e-06,0.00762809664851863,9.08701829207925,13.5713054270866,1.16638265926041,39,97,54,141,34,63
"20","1700001O22Rik","XR_004940745.1-1",68.9432082917538,0.0144080509902064,20.4605163264596,6.08741512445232e-06,0.00762809664851863,9.08701829207925,13.5713054270866,1.16638265926041,39,97,54,141,34,63
"21","1700001O22Rik","XM_011239198.3-1",68.9432082917538,0.0144080509902064,20.4605163264596,6.08741512445232e-06,0.00762809664851863,9.08701829207925,13.5713054270866,1.16638265926041,39,97,54,141,34,63
"22","1700001O22Rik","XM_011239199.3-1",68.9432082917538,0.0144080509902064,20.4605163264596,6.08741512445232e-06,0.00762809664851863,9.08701829207925,13.5713054270866,1.16638265926041,39,97,54,141,34,63
"23","1700001O22Rik","XM_011239197.4-1",68.9432082917538,0.0144080509902064,20.4605163264596,6.08741512445232e-06,0.00762809664851863,9.08701829207925,13.5713054270866,1.16638265926041,39,97,54,141,34,63
"24","1700001O22Rik","XM_006498376.4-1",68.9432082917538,0.0144080509902064,20.4605163264596,6.08741512445232e-06,0.00762809664851863,9.08701829207925,13.5713054270866,1.16638265926041,39,97,54,141,34,63
"25","1700001O22Rik","XM_011239195.4-1",68.9432082917538,0.0144080509902064,20.4605163264596,6.08741512445232e-06,0.00762809664851863,9.08701829207925,13.5713054270866,1.16638265926041,39,97,54,141,34,63
"26","1700001O22Rik","XM_006498375.4-1",68.9432082917538,0.0144080509902064,20.4605163264596,6.08741512445232e-06,0.00762809664851863,9.08701829207925,13.5713054270866,1.16638265926041,39,97,54,141,34,63
"27","1700001O22Rik","XM_011239196.4-1",68.9432082917538,0.0144080509902064,20.4605163264596,6.08741512445232e-06,0.00762809664851863,9.08701829207925,13.5713054270866,1.16638265926041,39,97,54,141,34,63
"28","1700001O22Rik","NM_198000.3-1",54.5380938994404,0.0175728059161004,21.0357790369761,4.50786210658593e-06,0.00630320065142597,7.73395838855527,12.3515220190861,1.35905732956776,25,78,37,131,30,42
"29","Sh2d3c","NR_045535.1-2",4.12466416023878,0.106673622195511,18.3774138366049,1.81193102825471e-05,0.0169593785989901,1.0017164258044,4.32370506061091,4.22116105275381,0,9,2,6,0,8
"30","Mvb12b","XM_036162605.1-8",137.319204818229,0.0222216006060134,21.8836987368677,2.89684321869572e-06,0.00445833892307669,12.9123719768716,19.5511752030586,1.21610498831613,57,178,142,190,98,183
"31","Gsn","NM_001362945.1-16",802.282367336679,0.00144930251862957,16.208871507579,5.67278338557352e-05,0.0375818531284016,36.2499474085757,39.8901673797203,0.300327645886854,579,562,1070,1105,1023,668
"32","Gsn","NM_001362945.1-17",638.653989019731,0.000843073320288577,66.2599396415656,3.95209792055099e-16,1.81255857349814e-11,31.3804704070512,37.3777496450683,0.540771155145569,454,489,780,925,723,602
"33","Gsn","NM_001362945.1-18",626.524278883791,0.00182010236748847,21.8540275791461,2.94198435934723e-06,0.0044846967760232,31.7894953321461,36.1094259886865,0.393372006292703,486,467,822,821,704,583
"34","Gsn","NM_001362945.1-19",1573.38826144214,0.000952190636832295,29.4865333441791,5.63065796906089e-08,0.000184457137547595,49.0182579765456,53.7264649445816,0.306308313118116,1208,1067,2057,2122,1937,1390
"35","Gsn","XM_006497990.4-17",1573.38826144214,0.000952190636832295,29.4865333441791,5.63065796906089e-08,0.000184457137547595,49.0182579765456,53.7264649445816,0.306308313118116,1208,1067,2057,2122,1937,1390
"36","Ptgs1","XM_011239036.4-4",847.304081465969,0.0171091101470266,26.918915211986,2.12172201849515e-07,0.000534664622410147,32.101125054055,46.4370059355248,1.16352267378164,559,879,911,965,726,1125
"37","Zbtb26","NM_199025.3-2",1037.36650230317,0.00205988658374472,19.594038958817,9.57675296307284e-06,0.0107126960120976,40.5754708336325,42.1176193796471,0.118741278694946,706,1878,834,453,552,1588
"38","2600014E21Rik","XR_004941124.1-1",27.3196363776391,0.0434146971532433,20.6246865003397,5.58710183124116e-06,0.00762626097341011,9.36624799995508,5.5280237097424,-1.52649530074594,25,39,29,7,35,24
"39","Gm39859","NR_166143.1-1",44.3677202551222,0.0145625722368486,25.0946720273417,5.45834637625935e-07,0.00110768686514893,9.69785054252665,7.37799024336525,-0.792394046295112,44,17,68,30,100,13
"40","Gm39859","NR_166143.1-3",2041.54162212488,0.0115630816181184,63.0113774930927,2.05516009179648e-15,6.73258702300574e-11,50.973391771155,63.9153643136653,0.779929917632664,1579,1558,2340,2151,2873,1972
"41","Gm39859","NR_166130.1-1",145.448461773045,0.0141497692817426,52.93252942756,3.45204860143733e-13,9.89512471359005e-09,17.6847814434787,12.7455324029031,-0.95836153853576,134,45,300,86,295,50
"42","Gm34861","XR_866492.4-1",86.7670595407063,0.0134679094646725,16.59633515431,4.62402880966069e-05,0.0325264966415997,12.0123201801939,13.6362075023904,0.369551854323397,53,94,92,63,68,151
"43","Dgkz","XM_006498537.2-2",1052.24711692153,0.00417439827617456,19.7942151593413,8.62433000775655e-06,0.0098287066360055,39.5076578117724,46.3221426028232,0.510004799491464,711,882,1228,1616,858,1247
"44","Mapk8ip1","NM_001202446.1-1",444.024270759144,0.00465406125151641,17.1381377171337,3.47573302081836e-05,0.0264831950954658,26.4972199539629,31.1098790118165,0.486455535061813,263,285,495,873,402,497
"45","Fbxo3","NR_149726.1-10",2095.08267265794,0.000825068343651942,18.8049883489564,1.44787941385269e-05,0.0145322158898849,59.6570512256357,56.0478539885898,-0.215757387244166,1752,1972,2816,2006,1836,2370
"46","Ttbk2","NM_080788.3-15",1079.01533956435,0.000711665813884271,17.7564598732637,2.51063546988257e-05,0.0208597421525939,43.7157914418687,42.7574458901933,-0.0711632715522157,950,1066,1392,955,943,1214
"47","Sema6d","XM_030249334.2-1",119.10600172269,0.018524602786101,22.2317707104362,2.41642061510003e-06,0.00376955040661413,18.6976874037557,12.3375523820225,-1.2171077287925,95,86,181,145,100,133
"48","Sema6d","XM_030249334.2-2",93.1526646517793,0.00925698934188216,31.2082641378639,2.31777271625663e-08,9.32460295089657e-05,16.4507464963721,10.9874417648932,-1.17789449553335,76,76,153,92,61,117
"49","Sema6d","XM_030249334.2-3",64.1955350751269,0.0176747017162547,18.4942037419419,1.70421800802492e-05,0.0160824879312034,13.5907759422428,9.20505450693136,-1.1331358536812,41,49,99,53,58,96
"50","Sema6d","NM_001290997.1-1",119.10600172269,0.018524602786101,22.2317707104362,2.41642061510003e-06,0.00376955040661413,18.6976874037526,12.3375523820226,-1.217107728792,95,86,181,145,100,133
"51","Gabpb1","XM_006498760.5-1",1241.05100755756,0.00548435006248697,22.1780265185215,2.48501665739972e-06,0.00385036540410996,49.9779406942801,41.7146161731843,-0.587164382372388,1237,746,1891,1416,1518,853
"52","Gm46764","NR_168332.1-4",10.0762201046843,0.0775524230194499,15.7588159576101,7.19518510707549e-05,0.0431929598956577,4.86791392853377,2.5856519418405,-1.82706371931103,10,2,29,2,18,3
"53","4930404H24Rik","XR_375139.5-1",13.4476965479098,0.0611487566209031,15.7476688222656,7.23770732232836e-05,0.0433245778697971,3.86250188414022,6.54251277786952,1.52309748953656,4,16,11,14,15,22
"54","Efcab8","XM_030246361.1-4",16.2210257439149,0.0213275521491308,15.4810553471775,8.33363287027631e-05,0.0478728658458927,7.14777016074166,4.14403846715996,-1.57592685250878,20,7,34,12,14,13
"55","Efcab8","XM_030246332.2-22",3.68272533493427,0.145471587023821,15.9130882525295,6.6318521541302e-05,0.0417713839340293,0.00883724362302019,3.50606882246402,17.2651774197629,0,7,0,10,0,6
"56","Samhd1","NM_001370610.1-7",143.990156743144,0.00855920258468881,16.2724879067017,5.48546559364318e-05,0.0371063430109699,14.6628668937553,18.7843077992426,0.726938383686858,92,142,166,177,130,178
"57","Mroh8","XM_017319159.1-1",7.19462143328401,0.0670011839059034,40.6597436105748,1.81181551436733e-10,1.29836964528956e-06,1.69026027494911,8.4060656072603,4.63439802781599,7,6,13,10,3,6
"58","Mroh8","XM_017319159.1-2",3.87316307953869,0.198365076289348,27.2366169355403,1.80016860156288e-07,0.00047622273304392,1.0265863770482,7.25692325593624,5.64759426047918,0,4,8,4,1,8
"59","Mroh8","XM_017319159.1-3",4.09880183318673,0.174303978620962,28.9720790619714,7.3429076551414e-08,0.000227546785384649,0.99290019421278,7.5103591507667,5.84324952069521,0,4,3,3,5,10
"60","Mroh8","XM_017319159.1-4",2.69237201006559,0.19891221029619,26.8973234128121,2.14555814229137e-07,0.000534794359736616,0.70659643797498,6.32620820850784,6.32827924984803,0,5,1,2,3,5
"61","Mroh8","XM_017319159.1-8",5.37228100982898,0.0782860427292939,47.7380008351564,4.87156752695402e-12,8.59329522316144e-08,1.2291239115213,8.22798470308541,5.49170142867436,3,7,4,9,5,5
"62","Mroh8","XM_017319159.1-10",5.75241746941138,0.179765312879798,32.3587654716886,1.28177708464748e-08,5.54588667817024e-05,1.07483128101472,9.00949867766423,6.14178574461982,4,7,3,2,2,15
"63","Mroh8","XM_017319159.1-14",2.1712301605247,0.188250102852202,30.9474666570323,2.65107903291768e-08,0.000103039803307212,0.501985526614021,6.01211803689483,7.16750276086035,0,4,0,3,2,4
"64","Mroh8","XM_017319159.1-19",72.9695280856029,0.0157324575902065,29.8043848515926,4.77909859365791e-08,0.000161165260750479,7.44554601615184,3.11610081043972,-2.51733645558552,124,1,218,2,105,0
"65","Mroh8","XM_017319159.1-20",75.1728511651435,0.00903237832822844,34.2801862485197,4.77215643026398e-09,2.43184849769426e-05,7.55225242873908,3.11680277100669,-2.55788704775087,128,1,213,2,117,0
"66","Mroh8","XM_017319159.1-21",59.6784589636869,0.00746276457131729,22.3205291698587,2.30726795834585e-06,0.00364892040783474,6.73033295251739,3.59920699946917,-1.80887296450509,89,1,161,2,114,1
"67","Mroh8","XM_017319159.1-22",89.221528477044,0.00662207913323617,27.2295746897651,1.80673733079336e-07,0.00047622273304392,8.19422040125119,5.09008548394414,-1.37749882613705,135,1,230,2,174,5
"68","Mroh8","XM_017319159.1-24",46.8678426888686,0.0147248100944489,20.5338768313977,5.85851693581769e-06,0.00762809664851863,5.97131042111477,2.5470121110443,-2.4610769644586,67,0,119,0,100,2
"69","Mroh8","XM_017319158.1-20",67.7551233950535,0.0173172425628165,26.5065266086367,2.62649243352182e-07,0.000614588509066826,7.17121117364613,3.11593635775171,-2.4088107469368,117,1,201,2,96,0
"70","Mroh8","XM_006499979.3-21",74.0554214854576,0.00872843345569582,33.7803954369711,6.16974858045776e-09,3.01025971377926e-05,7.49537739706014,3.11683487446331,-2.53596951869413,126,1,209,2,116,0
"71","Mroh8","NM_001039557.4-1",6.8482262061159,0.0939752270570626,30.9026219469606,2.71304993090686e-08,0.000103690959659306,1.68894790869055,7.99800714495896,4.49246448442914,7,6,13,10,3,4
"72","Slc9a8","XM_036162700.1-1",56.2356935070327,0.00654510835444192,18.5777605358327,1.6311239758088e-05,0.015591949590015,11.914020239648,8.85077959498582,-0.863216951550584,50,45,87,44,79,39
"73","Gm20716","NR_132310.1-12",23313.9113400873,0.000449970712570909,17.5735221110943,2.7641031816109e-05,0.0223976355192327,132.98528202807,130.064042228059,-0.121219388153881,17666,21471,30243,27327,20294,26234
"74","Gm14391","NM_001177480.1-5",45.0343729409565,0.0364789953653046,15.8109775534383,6.99952274145162e-05,0.0427713160202416,12.0301220934718,7.02039686668712,-1.56253111058729,47,37,71,24,51,41
"75","Gm4631","XR_003954122.2-5",144.808347073326,0.0103805263776154,27.5506384774615,1.53034843554585e-07,0.000427967538836137,19.1004641132041,14.3679719305781,-0.835539327035341,117,179,168,64,180,150
"76","Gm4631","XM_030252315.2-6",130.13399031374,0.00969468576768414,31.2677329192564,2.24784821394208e-08,9.2047778755061e-05,18.3647704248082,13.4075015869967,-0.921763857794966,110,150,155,63,164,131
"77","Gm4724","XM_030246015.2-5",120.279484253811,0.013086489472071,27.3035634719662,1.73890650050373e-07,0.000474713194130374,17.9968964588012,12.6952313661182,-1.02135108950788,105,138,137,59,144,129
"78","Gm4724","XM_030246021.2-6",120.064017849112,0.0130650370051181,27.1184074641385,1.91367068215086e-07,0.000487594784609007,17.9698217695334,12.6950787607464,-1.01695578392647,104,138,137,59,144,129
"79","Gm2007","XM_030252319.2-6",124.548767149911,0.00878827442045985,33.3352627053669,7.7563376222727e-09,3.62990269018181e-05,18.2015401172557,12.9279924385705,-1.0016795475571,112,145,143,59,146,131
"80","Gm14434","XM_030251964.2-6",132.467196684361,0.0100075613208555,34.5927710830276,4.06412752426317e-09,2.21897492227127e-05,18.645761061115,13.4598545617107,-0.955128891048248,108,161,159,62,166,131
"81","Gm14308","XM_030245968.2-6",129.255269659023,0.0111294194522056,30.7585866401291,2.92207943187634e-08,0.000109849109344288,18.6512558413103,13.1381250943559,-1.02656343134283,106,153,153,62,165,129
"82","Zfp970","XM_036162441.1-1",20.6967812996931,0.0277248835311811,17.9208125988237,2.30288952575144e-05,0.0196315767467367,8.21280466979502,4.66739426059561,-1.63457428197354,18,25,32,7,29,13
"83","Zfp970","NM_001177568.1-1",20.523583686109,0.0306979392102834,17.520316957514,2.84253866026429e-05,0.0228715647514795,8.21238024490987,4.61842119547416,-1.66490015301611,18,25,32,7,29,12
"84","Gm14326","XR_003953684.2-6",252.827344054481,0.00195239736971152,31.6387111673359,1.8569088216756e-08,7.74216187911569e-05,23.8391694429781,19.5603880940967,-0.587216742449628,202,317,266,104,225,372
"85","Lekr1","XM_006501847.3-1",3.13216432343787,0.141445918812238,15.4498305659336,8.47245383459436e-05,0.0482101544301201,4.01534251742012,1.36034231835987,-3.12437580191192,3,2,10,1,2,2
"86","Npr1","XR_375494.2-8",7.82392235741896,0.0811084176321632,16.9545156816253,3.82861431609828e-05,0.0285380205983219,2.06198844799923,5.54849824932359,2.85848145755949,4,8,3,16,1,16
"87","Ampd2","NM_001346665.1-1",140.239287213383,0.00369552447729566,22.7743430143466,1.82181735657763e-06,0.00308947997959341,14.6013225610212,18.3775535078352,0.674729371282902,92,145,159,223,112,140
"88","Ampd2","XM_006500871.5-1",139.663590073722,0.00353245693245981,22.5326060867086,2.0660678026269e-06,0.00340850650523158,14.6016293879379,18.3102854588851,0.663868489818484,92,145,159,220,112,139
"89","Ampd2","NM_001289720.1-1",142.400857719544,0.0038731059943561,21.6581625472743,3.25820562420635e-06,0.00491551763763489,14.7531397702695,18.4849308129483,0.661648538994761,92,146,164,224,115,144
"90","Msh4","NM_031870.3-1",52.9000073443202,0.0160318659499529,16.7907774752617,4.17356480982513e-05,0.0302868730357551,10.3688667255017,9.98413845308806,-0.10979225092539,35,59,77,63,51,43
"91","Asph","XM_036164302.1-3",173.23050048189,0.00324908711949981,20.5310463678883,5.86718615074686e-06,0.00762809664851863,19.7302219801261,16.3730864534258,-0.54889745505733,161,138,258,129,218,149
"92","Nfx1","NM_023739.3-22",401.526646526878,0.00118898224810129,16.9761065031326,3.7853200678628e-05,0.0283671391072557,28.8345017282474,25.8932641506543,-0.324623148971385,312,470,492,429,421,320
"93","Zbtb5","NM_173399.3-2",4671.00596976706,0.000608937708301249,42.5028152129997,7.05805614402877e-11,6.48705031235527e-07,80.0858537127546,78.3144065111754,-0.087755091743924,3238,5691,5501,5550,4148,4422
"94","Zbtb5","NM_001163284.1-1",386.013419124808,0.00259211805033688,26.425617440519,2.73883918437916e-07,0.000628059646405092,24.3567326875456,28.4398617310962,0.466195954146752,209,543,375,489,262,474
"95","Anp32b","NM_130889.3-3",11766.6862585959,0.000309462973623977,15.8081372544917,7.01003782029091e-05,0.0427713160202416,109.682927804495,106.873472792207,-0.122484201194148,8886,12891,15623,12727,11503,10419
"96","Gm35344","XR_881303.4-1",110.74641312775,0.0128846875899248,15.9773480874244,6.4104939869301e-05,0.0411772784063547,15.9009290271505,13.3912031079784,-0.502171597370261,80,160,168,82,112,71
"97","Susd1","XR_001784175.3-3",46.7780355110017,0.0114301329446943,15.8765000744498,6.76130738031514e-05,0.0422829572481919,7.11824668183226,10.0633152473322,1.00351958088169,12,91,24,79,19,60
"98","Wdr31","XR_004941962.1-11",456.413889565926,0.00726048853621442,19.4489513031915,1.03324555605268e-05,0.0113368295661137,26.5884008939317,32.0326560119928,0.565577288183707,312,426,638,671,421,387
"99","Gm11267","XR_003955228.2-2",20.1539436826655,0.0468510309715903,15.8369717932094,6.90402338711361e-05,0.0427713160202416,5.19189483419751,6.55219687426273,0.672855244275565,14,32,9,8,9,43
"100","Gm52666","XM_030253944.2-1",942.822038989033,0.00221265455580708,18.639947142394,1.57877533983292e-05,0.0153406121114036,38.7689005120751,42.7346751134841,0.309187192664991,646,1040,1045,947,903,1139
"101","LOC118568683","XM_036164621.1-2",5719.93013621916,0.00112540055107552,17.6844853129037,2.60744676020651e-05,0.0215082468080402,87.2583220914349,83.4475977358209,-0.182086857526905,4681,5869,7585,5551,5823,5320
"102","Col8a2","NM_199473.2-4",52.1008103459187,0.0172141429124072,19.5110885704918,1.00017402262628e-05,0.0110799954672738,10.8405905030839,9.47223258841959,-0.391802650727112,31,12,54,86,68,77
"103","Azin2","NM_001301841.1-9",87.8413308831605,0.0091390232407852,25.1836363270546,5.21225785699657e-07,0.0010768055159775,14.5651572117596,10.1069015910955,-1.06412430177907,102,39,178,62,129,33
"104","Arid1a","NM_001363070.1-2",3588.13608035565,0.000988470728501053,37.7567332529418,8.01396305695129e-10,4.71212808299447e-06,75.2378421355106,68.1155528961487,-0.372463611047369,3203,3228,4997,3244,4025,3141
"105","Arid1a","NM_001363070.1-3",6917.88399297052,0.000832112720207556,18.8005942255193,1.45121903346633e-05,0.0145322158898849,93.6420288140759,88.5636366071703,-0.235817652859931,5998,6756,9223,6273,7343,6399
"106","Arid1a","NM_001363070.1-14",1597.90148365831,0.000432978242571145,20.3612307861416,6.41156785162205e-06,0.00786099399764536,50.1960905407435,52.6728758095171,0.16092282888644,1212,1802,1933,1652,1394,1715
"107","Arid1a","NM_001363070.1-16",1611.37037357799,0.000340159998103409,19.8945361420584,8.18338729753936e-06,0.00947768505819462,50.5277233249736,52.7231518907948,0.142249379644392,1228,1796,1926,1732,1452,1667
"108","Arid1a","XM_006539325.5-14",1598.91532080361,0.000435015067135777,20.2576979169039,6.76805883560853e-06,0.0081685483155074,50.2137599380291,52.6866745583042,0.160635104457112,1212,1803,1937,1653,1394,1716
"109","Arid1a","NM_001080819.2-16",1492.08249797456,0.000428337529519064,16.6362155250789,4.52781615285543e-05,0.0320463175588949,48.8755580152748,51.013155703059,0.141941990833818,1128,1661,1775,1597,1364,1550
"110","Ubxn11","XM_006539127.4-10",161.463912512392,0.00448548020456862,16.6606207992209,4.46993299108915e-05,0.0317345868044768,15.8046906116036,19.3082592606013,0.588629567381312,94,267,169,138,175,127
"111","Rap1gap","XR_003954867.2-23",514.135421557888,0.00104575873704364,18.8277673697939,1.43069023285036e-05,0.0144528705478552,29.6199616020262,32.5435184951897,0.287573957187519,394,299,610,951,547,438
"112","Rap1gap","NR_138591.1-22",485.495552614975,0.000992003758335423,20.5929571587021,5.68047041544586e-06,0.00762809664851863,28.7504746913275,31.7718564119104,0.304408647378018,367,284,570,901,520,417
"113","Rex2","XM_030253012.2-2",32.2882866167862,0.0122085155345536,42.0659465037119,8.82466212463113e-11,6.85014520582295e-07,10.8655236836024,5.73537430695438,-1.85116334761444,11,14,34,8,49,79
"114","Rex2","XM_030253012.2-4",95.4850407384222,0.00622213337323995,38.4247331166081,5.69065964267096e-10,3.5269170449155e-06,8.5667922035102,12.810261636277,1.16900154862688,11,68,22,35,25,397
"115","Rex2","NM_001177767.1-3",32.2882866167862,0.0122085155345536,42.0659465037119,8.82466212463113e-11,6.85014520582295e-07,10.8655236836024,5.73537430695438,-1.85116334761444,11,14,34,8,49,79
"116","Rex2","NM_001177767.1-5",95.4850407384222,0.00622213337323995,38.4247331166081,5.69065964267096e-10,3.5269170449155e-06,8.5667922035102,12.810261636277,1.16900154862688,11,68,22,35,25,397
"117","Draxin","XM_006539170.5-2",278.249632802698,0.0037494794163693,40.7715453188704,1.71106496684622e-10,1.26572443205583e-06,24.7902350088784,21.1377729684873,-0.47471911816493,225,236,397,312,355,193
"118","Draxin","XM_006539170.5-4",154.32297081549,0.00366781881234944,16.0180866368102,6.27402468673836e-05,0.0404138832883173,17.9728846175681,16.4996000890248,-0.251282108506039,119,149,196,184,188,113
"119","Draxin","XM_006539170.5-5",167.197383424889,0.00250498900713899,15.5780406655835,7.91687221505122e-05,0.045961151110549,18.478709591698,17.350569523163,-0.185342579682989,132,171,221,191,180,131
"120","Draxin","XM_006539170.5-7",4499.69639212233,0.00402716188586501,25.5539201394177,4.30191146089174e-07,0.00094651435217611,73.6717231241678,82.2530786261079,0.428836772726333,2793,5948,4971,6606,3770,3653
"121","Mad2l2","XM_030253789.1-2",209.065112801612,0.0102866145804023,24.1832623454632,8.7590208074955e-07,0.001659986459084,16.8097756099766,22.7844743883929,0.89843655860816,118,206,135,374,194,262
"122","Casz1","XM_006539158.2-16",436.531978258035,0.00185372094355306,19.986832876467,7.79772743780196e-06,0.00912318196493365,30.1144728662123,26.5895199972116,-0.376800197546421,408,359,626,408,506,356
"123","Casz1","NM_027195.2-16",580.065179572863,0.00111231583546438,34.4988909841986,4.26494253155534e-09,2.27446409666545e-05,34.5127661708095,30.3461065196717,-0.394964126367029,536,455,830,546,693,483
"124","Rer1","XM_011250328.4-2",1833.9402677391,0.00175655143299701,17.8242289085979,2.42278414796239e-05,0.0202703988511885,56.7134921969256,52.157855473988,-0.284190064633025,1520,1586,2436,1444,2530,1621
"125","Rer1","XM_006539131.4-2",1952.09828355391,0.0013717093560226,20.9386920808024,4.74218786468997e-06,0.0065906639538136,58.1656394611531,53.6208896616579,-0.278274017577314,1620,1684,2585,1577,2684,1711
"126","Rer1","XM_006539132.4-2",1444.35536103806,0.00156080051377402,17.4386634612102,2.96728600400251e-05,0.0237089253412488,51.1715470679312,47.0339320088478,-0.278384705057546,1216,1225,1902,1180,1972,1278
"127","Rer1","NM_001362981.1-2",1961.03122026852,0.00136994748227237,20.7687730979217,5.18210776167041e-06,0.00711580972140845,58.2664219558804,53.7408188999299,-0.276718902785767,1624,1692,2600,1585,2695,1721
"128","Rer1","XM_006539133.4-2",1825.00733102449,0.00175882372546085,17.9834960999791,2.22828517423522e-05,0.0192098286847716,56.6081516467756,52.0318867462042,-0.285910863455539,1516,1578,2421,1436,2519,1611
"129","Kcnh2","NM_001294162.1-1",134.052704809048,0.0113687910070239,15.6910733372349,7.45753011410825e-05,0.0440755406094548,13.7832491698532,18.3288074691353,0.83533335525238,58,111,136,292,114,145
"130","Gm35602","XR_003955879.1-1",31.3667639331123,0.0409324701242599,16.2195766068226,5.64081805141888e-05,0.0374936183269325,7.92549435802241,6.57053228220002,-0.542727017835769,37,18,53,17,54,11
"131","Letm1","XM_006504034.5-1",132.105176810447,0.00358093467601082,21.5445126948913,3.45710433582776e-06,0.00518149894035737,14.2948921290803,17.8600128867888,0.652629078516063,83,121,155,203,124,137
"132","Zfyve28","XM_011240728.2-6",28.5813310362982,0.0260380586775271,16.5902083721417,4.63899094238318e-05,0.0325319525059187,5.83796796708123,9.43150931164857,1.38892097408701,15,29,37,39,19,39
"133","Crmp1","NM_007765.4-1",2006.72007692504,0.00078070439388879,52.4826292683805,4.34070781466151e-13,1.10599305914102e-08,53.957569565201,60.1449564893991,0.373634357493135,1442,1377,2416,2937,2180,2134
"134","Tbc1d1","XM_006504036.4-1",295.108867659457,0.00164412334350616,15.6752857639739,7.52004025874455e-05,0.0443307339839142,22.2433617697841,25.1825216976921,0.37040709954924,187,276,353,438,280,302
"135","Limch1","XM_036165600.1-3",119.657691802495,0.013735873366159,16.4116307579348,5.09715095576359e-05,0.0349957565440684,16.7989122171284,12.2323925486056,-0.927081299223646,117,53,263,93,174,52
"136","Limch1","XM_036165600.1-4",144.76973740579,0.00342220308985887,25.5396113699424,4.3339325201247e-07,0.00094651435217611,18.0628490137084,14.1085517044461,-0.724188419897927,140,85,284,94,211,82
"137","Limch1","XM_036165600.1-5",101.855386569697,0.00536343401982654,17.122643011124,3.50420344885304e-05,0.0265577635410846,15.0991724243405,11.7984784368367,-0.719615142058197,117,54,160,67,158,61
"138","Limch1","XM_036165600.1-6",157.66284013717,0.00244131907646076,51.4225981538499,7.44762875907746e-13,1.70786043651661e-08,19.1292657812663,13.8876798926692,-0.939290059420482,185,85,288,92,235,76
"139","Limch1","XM_036165609.1-1",124.160620011528,0.00405943680568515,21.473829535823,3.58690648008245e-06,0.00526102646995383,13.7204575097758,17.3797667230788,0.692250954100661,106,118,154,152,100,129
"140","Rufy3","XM_006535111.2-1",462.913331009016,0.0023348329609589,16.0826302857336,6.06376715128208e-05,0.0395033757972557,26.8661778653068,30.2413304969943,0.358432308596148,280,494,419,556,254,805
"141","Rufy3","XM_017320983.3-1",459.003147675694,0.00227218637535868,17.7030171292037,2.58216713805227e-05,0.0213766151418626,26.665855457967,30.1670309530166,0.373480098482066,277,494,411,556,250,796
"142","Rufy3","NM_001289777.1-1",457.820337209102,0.00234285728795967,18.1157973347798,2.07869698330254e-05,0.0185207952938472,26.5833556360656,30.161275110327,0.382227060003679,276,494,410,556,246,795
"143","Art3","XM_006534707.4-2",29.6084884265945,0.0345144918539379,38.8827727182506,4.50034675402589e-10,2.94857576070343e-06,10.7851419713687,4.5635953899521,-2.49009013595387,34,10,44,21,58,13
"144","Art3","XM_006534708.4-2",24.6125318433909,0.0246328697870017,42.3173812615592,7.75998322732412e-11,6.59069745835948e-07,9.76485228700292,4.19414725965962,-2.44535223036499,31,10,34,17,46,10
"145","Gm33474","XR_004942764.1-7",23.4511573243345,0.0269920283939162,15.7647349978507,7.17270838823888e-05,0.0431710445343146,6.66924836997705,5.50958271471094,-0.552417710910527,6,40,16,12,8,56
"146","Tgfbr3","NM_011578.4-8",33.6372443159113,0.0139039502913361,18.8540623308123,1.41110257932705e-05,0.0143180707557948,6.23412079095428,9.36907261049899,1.17978711792333,9,60,25,41,23,46
"147","Git2","NM_001077359.1-10",239.725405387489,0.00215796636580754,18.0584045982516,2.14230840924811e-05,0.0186085452717856,22.9122853006237,19.821118385721,-0.429847877317076,208,195,344,256,260,210
"148","Git2","NM_001077360.1-9",242.270397368332,0.00248742637499199,17.6394625587777,2.66990415871517e-05,0.0217883182227732,23.0796547257202,19.8920897231521,-0.440966192751386,208,195,353,260,264,211
"149","Pxn","XR_004942462.1-9",49.8885706752435,0.0141556742786322,16.952336186755,3.83301223825775e-05,0.0285380205983219,7.48400378980486,11.1939532252542,1.16783059471502,16,63,33,45,28,114
"150","Bicdl1","NR_151599.1-4",23.0501303096182,0.0178161948883308,16.3999281582664,5.12871734714516e-05,0.0351073715575504,7.99638524592652,4.95763421860536,-1.38289118514362,31,11,40,18,31,9
"151","Por","XM_036164891.1-1",131.565657520024,0.0336710810656301,28.6803441681477,8.53658071047081e-08,0.000254230460026276,10.0888212378927,19.2165277788521,1.8829003397622,40,159,42,422,56,127
"152","Vgf","XM_006504436.3-4",131.919782162724,0.00376521162288061,22.9311186142667,1.67911419503367e-06,0.00291702841476016,17.5438482191954,14.0956321499498,-0.64110662300082,133,73,219,163,168,66
"153","Slc12a9","XM_030254938.2-3",31.2999805558595,0.0597316522733591,16.1708347746661,5.78784151411441e-05,0.0381392145014557,4.92614652175138,9.96891586306612,2.04062910673588,15,59,16,31,8,55
"154","Ap4m1","XM_006504551.3-15",1402.69942271021,0.000716377024343435,18.6066705675345,1.60657411855916e-05,0.0155448586739035,47.294300234836,50.0693078969475,0.187874464436659,987,1134,1676,1555,1240,2001
"155","Zfp655","NM_001083958.2-5",905.549852307401,0.0011377042630444,44.0969474812625,3.12507903506183e-11,4.23558437408386e-07,41.253738715189,38.6102515880249,-0.209498098426794,788,844,1151,652,867,1141
"156","Zfp655","XM_030254832.1-5",879.403650244463,0.00149751155585715,39.1619900685345,3.90060466253952e-10,2.71051835998459e-06,40.8404343794299,38.0095719210984,-0.226751381442979,775,808,1111,637,854,1099
"157","Polr1d","XM_030254230.1-1",76.0648281222797,0.00423390825762258,16.8407853348172,4.06502175311048e-05,0.029877388728727,10.6840561820768,13.5924629507826,0.700962584267767,41,73,81,127,59,94
"158","Samd9l","NM_010156.3-2",69.6151458982223,0.0108579983333275,16.2790519891151,5.46649525856113e-05,0.0370874209086451,10.3076333654998,11.6581512770719,0.357886110439675,40,187,42,6,44,73
"159","Fam13a","NM_153574.2-8",27.5682220757977,0.0148445428669704,17.6043228761998,2.71969420311875e-05,0.0221159360241978,5.52885803942351,8.61764783469843,1.28450873805708,8,44,21,45,16,36
"160","Sh2d6","XR_004933622.1-3",4.44256415108548,0.0892467653875581,16.8070907119164,4.13784011645375e-05,0.0301229506077685,3.720571855646,0.0436170865187648,-12.8302051392347,6,0,14,0,8,0
"161","Magi1","NM_001083320.2-1",5.3456249086687,0.0770991432471228,19.2891494297846,1.12342972167547e-05,0.011982344653755,1.12516919954106,4.48986359470865,3.99473929413816,0,7,2,14,0,11
"162","Ccdc77","XM_011241432.4-1",35.4056650269834,0.0207530223907429,20.1069298354439,7.32308569041519e-06,0.00871418475937799,10.0307701180191,6.15756399107059,-1.41357297369787,42,25,51,12,55,25
"163","Ccdc77","XM_011241433.4-1",35.4056650269834,0.0207530223907429,20.1069298354439,7.32308569041519e-06,0.00871418475937799,10.0307701180191,6.15756399107059,-1.41357297369787,42,25,51,12,55,25
"164","Lrmp","XM_036165896.1-1",160.586631124292,0.00485453020682349,20.3868292918544,6.32637069984595e-06,0.00784182715354526,15.6678850221545,19.6425894395102,0.664782822407322,127,137,192,185,156,185
"165","Lrmp","XM_011241567.3-1",160.420625196095,0.00493340552009035,20.3638226590072,6.40288941563856e-06,0.00786099399764536,15.6516018698764,19.6428677976009,0.667870154035389,127,137,192,185,155,185
"166","Lrmp","XM_006506924.4-1",160.234643115166,0.00505622218173912,19.8517145199297,8.36876391502392e-06,0.00959545732968812,15.6519498530881,19.6230554346917,0.664824421847047,127,136,192,185,155,185
"167","Lrmp","NM_001368864.1-1",159.882655106039,0.00527124899181036,19.3112427093282,1.1105054070609e-05,0.0119143615086838,15.6360073847889,19.6034589501741,0.664858129073293,127,135,192,185,154,185
"168","Etfrf1","XM_036152279.1-2",71.5711270864748,0.00923661632548783,15.4772224059155,8.3505496076842e-05,0.0478728658458927,9.52447046162044,12.9632145132303,0.896291702861467,31,100,54,61,37,144
"169","Far2","NM_178797.4-2",28.3141235805948,0.0156029977474465,21.3401287638756,3.84595957074855e-06,0.00551212540578609,1.51902016827214,5.57192974157178,3.75262742786963,0,36,1,84,0,59
"170","Far2","NM_178797.4-13",10.5121690409437,0.25496897542376,17.8707970640807,2.36421309276679e-05,0.019932054764004,8.9256263969514,2.31377352835545,-3.90201702754835,5,11,12,16,18,4
"171","Cacng7","XM_036153598.1-2",2094.67567203425,0.000391612657409023,21.2328099807301,4.06741852089297e-06,0.00575755645393266,56.4718715368789,59.0745048402701,0.155710930896682,1492,1610,2239,3328,1782,2541
"172","Cacng7","NM_133189.5-2",2070.01025907944,0.000413140919837887,20.4215829656863,6.21251889756838e-06,0.00774255425823255,56.1890992949087,58.7828692622882,0.15571035077086,1478,1589,2205,3300,1763,2504
"173","Zfp78","XM_017322306.3-5",57.148641538881,0.00732390842653278,16.3724459176586,5.2036225210214e-05,0.0354087211285028,12.0742725858543,9.0849926679968,-0.826375297194671,60,46,74,57,44,64
"174","Six5","NM_011383.1-1",383.223779132307,0.0022582962972025,17.8879585456183,2.34298883183748e-05,0.0198260083749684,28.2822168543966,25.4491467064704,-0.317974508427017,278,321,461,476,433,392
"175","LOC118567476","XR_004934267.1-1",46.0541117735979,0.0314521828406233,16.936797721189,3.86451424556098e-05,0.0286794481791282,11.1530445700317,7.71311943648556,-1.06986759098318,44,15,89,38,54,47
"176","Akt2","XM_030241999.1-2",12.0658385786693,0.092105367838508,16.773343264098,4.2120871955019e-05,0.0304699996001171,2.42770699906609,6.38016507216818,2.7910940210197,3,24,4,30,2,12
"177","Akt2","XM_030242000.2-1",11.9357158431465,0.0933936497412856,17.9535552465787,2.26361217673204e-05,0.0193934603547422,2.29508421113832,6.38010402391751,2.95321648832108,3,24,3,30,2,12
"178","Dbp","NM_016974.3-2",111.829096644912,0.00461558008344947,18.2584047212311,1.9287304035585e-05,0.0175511405246992,12.8900757924124,16.2488208023132,0.676829534089245,56,76,96,276,85,127
"179","Dbp","XM_006540597.2-1",136.653092482865,0.00455237588395772,19.3939452920319,1.06343677897821e-05,0.0115574913937521,14.2835332659709,17.8389406433299,0.65147855213038,73,92,113,329,105,159
"180","Sergef","XR_003946486.2-9",560.19923664188,0.00108707526127654,18.5738605457061,1.63446449334814e-05,0.015591949590015,33.7389787340924,30.9604157344736,-0.263767783733597,433,254,779,920,672,481
"181","Sergef","XM_036153153.1-8",71.4398627363345,0.00529799480764477,24.4767804414238,7.52107861875526e-07,0.00147410569618674,9.85967057990462,13.5844090328544,0.932433435793035,35,59,66,155,50,88
"182","Aldh1a3","NM_053080.3-3",67.3515626705323,0.0113715612469438,15.45874727216,8.43257575629264e-05,0.0482101544301201,9.36302640761153,13.0291694239565,0.960685865420163,33,44,54,157,39,101
"183","Aldh1a3","NM_053080.3-4",375.428357603271,0.00587605579656044,17.3194017900727,3.15944537070519e-05,0.0247053155160212,28.9028623986933,24.4374146410939,-0.505239721875894,275,180,464,550,516,363
"184","Aldh1a3","NM_053080.3-7",306.423590448231,0.00674203281068562,16.8113656460823,4.12852929106245e-05,0.0301229506077685,26.5070155553716,21.8474676988542,-0.577709822785322,232,178,390,430,425,256
"185","Akap13","XM_036153520.1-7",1253.48880331022,0.00182841670722429,18.075006902376,2.12370874798445e-05,0.0185207952938472,43.5681897641326,48.5453097816039,0.351855405892431,851,1682,1394,1069,913,1622
"186","Akap13","NM_029332.1-7",1253.48880331022,0.00182841670722429,18.075006902376,2.12370874798445e-05,0.0185207952938472,43.5681897641326,48.5453097816039,0.351855405892429,851,1682,1394,1069,913,1622
"187","Akap13","XM_006541259.5-1",59.7073254144831,0.0147954143111621,43.7695376570869,3.69410278749312e-11,4.23558437408386e-07,13.4912807874857,7.38398053504844,-1.7504351438917,67,36,100,27,104,27
"188","Akap13","XM_006541260.5-1",59.7073254144831,0.0147954143111621,43.7695376570869,3.69410278749312e-11,4.23558437408386e-07,13.4912807874857,7.38398053504844,-1.7504351438917,67,36,100,27,104,27
"189","LOC118567516","XR_004934348.1-3",734.809285061967,0.000806187179987862,25.4988452519634,4.42647769431115e-07,0.00095760581032892,34.4352780971365,38.3750459744643,0.337665024125199,559,397,940,721,984,913
"190","Picalm","XM_006507594.5-18",581.468526910488,0.0129826460143895,21.199938638474,4.13777760167183e-06,0.00582121845708575,37.0608639298637,27.8818787727392,-0.873462179313794,589,594,992,365,635,350
"191","Wnt11","XM_006507587.5-1",306.465956952822,0.0019087991537107,103.049812982569,3.26826403197846e-24,1.87366308689293e-19,24.9443137555154,17.1512456859028,-1.1098068846568,374,79,550,122,635,103
"192","Wnt11","XM_006507587.5-3",677.53964445375,0.000947587963256162,18.0776919976855,2.12071589740767e-05,0.0185207952938472,32.5522381662563,35.937540316275,0.305797165027652,675,307,1012,592,1044,523
"193","Wnt11","XM_006507586.5-1",306.465956952822,0.0019087991537107,103.049812982569,3.26826403197846e-24,1.87366308689293e-19,24.9443137555153,17.1512456859028,-1.1098068846568,374,79,550,122,635,103
"194","Wnt11","XM_006507586.5-4",710.951958350571,0.000624352741230231,16.3919527176785,5.15034272383601e-05,0.0351504759541422,33.4230928925274,36.3913669986727,0.263660118899452,733,340,1063,614,1093,506
"195","Wnt11","NM_001285792.1-1",305.290338171618,0.00182919122076024,103.750249244829,2.29496215884562e-24,1.87366308689293e-19,24.8881149093702,17.1513502766061,-1.10303375765888,373,79,549,122,630,103
"196","Gm40449","XR_869819.3-3",163.816551920914,0.00246338368040751,18.2590454866997,1.92808170615081e-05,0.0175511405246992,15.4247507738413,18.3239804580906,0.505642649980596,61,236,120,165,107,296
"197","Arap1","XM_006508186.5-30",55.9083418646072,0.0177440763224133,24.1940008832858,8.71031782957251e-07,0.001659986459084,7.98453087577806,12.6544324691903,1.33728632703762,17,56,49,96,40,92
"198","Xntrpc","NR_104582.1-1",736.503859572482,0.00170949270555353,16.6684333096078,4.4515613303112e-05,0.0317023055286225,38.3235957547552,34.6277007267255,-0.316205796158593,580,623,953,739,809,798
"199","Sbf2","XR_001785572.3-30",226.706471415265,0.0059384508111649,16.7271801695228,4.31582378344939e-05,0.0309277327101712,18.1298141601213,22.7873079480473,0.676593042680222,138,175,209,256,144,456
"200","1700003G18Rik","NR_029433.1-1",27.8404884855331,0.0298035970980732,22.8739767310054,1.72977986914571e-06,0.00298245263513547,8.34982600826476,5.86998501112828,-1.01991268464845,32,12,35,10,48,28
"201","Palb2","NM_001289843.1-11",32.1742440932951,0.0140200323291092,19.4778114077086,1.01775084637182e-05,0.0112205073599327,5.8204101795391,9.21749225078926,1.33104680559486,18,38,20,49,10,60
"202","LOC118567504","XR_004934320.1-2",107.705375812263,0.0313644696913934,18.6413271683898,1.57763297706912e-05,0.0153406121114036,12.0695910549677,16.5455692468188,0.921497655383578,46,145,98,110,94,160
"203","Katnip","XM_030242515.1-3",224.846755667715,0.00422710738033276,28.4668910251455,9.5314569574279e-08,0.000278590461024537,22.9749467454675,18.1638744609307,-0.695488692269305,225,186,301,173,279,191
"204","Tmem219","XM_006508155.4-1",73.0404529784264,0.0179440569941284,26.8117715337492,2.24267072910621e-07,0.000552989549371742,14.1222666275799,8.83294778396552,-1.36478925115383,75,16,111,67,146,36
"205","Bub3","NM_001317350.1-1",934.387456248409,0.00130314630509516,15.5149016142447,8.18574043356045e-05,0.0472826512156763,39.0127867229802,42.6652348739615,0.284228065880471,697,624,1059,1499,1061,884
"206","Arhgef7","NM_001113517.2-19",220.075200213921,0.0107336193276039,18.3509345903584,1.83728837240616e-05,0.0170877662657018,17.6805150330712,23.3774877701338,0.82661208369003,137,197,256,316,155,303
"207","Arhgef7","XM_036154175.1-19",213.177419344498,0.0101284450170999,19.7606447542018,8.77714748484685e-06,0.00991497710657704,17.3430067220239,23.0652889987288,0.843197863070959,135,190,238,309,152,295
"208","Mtus1","XR_004934740.1-2",1843.31950659662,0.00217488159795943,64.9273823163005,7.77096824975747e-16,2.97001225860231e-11,49.6408574226702,59.3766217652061,0.607816154439435,1246,1981,1937,2145,1284,2618
"209","Mtus1","XR_004934740.1-3",279.405760912095,0.006211922510379,26.3089857965384,2.90931912733145e-07,0.000660547945547661,19.9326415742738,25.6786401682145,0.754029387038035,176,272,251,372,206,428
"210","Mtus1","XR_004934740.1-4",192.450799761375,0.0042536000988408,25.4118423683301,4.63066730713092e-07,0.000992416919814984,16.7630688513015,21.2276095538006,0.696327832051642,122,202,180,212,144,305
"211","Mtus1","NM_001286413.1-1",28.1938698671663,0.0164773123113385,21.4346194024396,3.66100917016126e-06,0.00531346822066265,5.3606095377155,8.97049094206542,1.49017755415048,14,32,20,38,11,56
"212","Zfp423","XM_030243878.1-1",286.902682275528,0.0131165598190164,18.2049882984103,1.98358628159543e-05,0.0178379635980524,26.5462818218167,19.7766249048771,-0.877129396858163,245,165,410,273,457,217
"213","Psme3ip1","XM_006530540.4-2",239.262457180454,0.00516340882129404,22.5412969115473,2.05674198293891e-06,0.00340850650523158,18.795153902309,23.5603632561651,0.669852198724633,167,247,221,371,168,294
"214","Psme3ip1","XM_036153703.1-3",270.099876190962,0.00346878828015062,29.3367459159992,6.08311585547709e-08,0.000193743860488137,19.9979435713598,24.9357515291159,0.656337029178792,186,283,247,422,199,321
"215","Psmb10","NM_013640.3-1",572.492973854723,0.00128939068969018,43.5641391605041,4.10289051633168e-11,4.48027829353865e-07,34.1561368633336,29.3453549584776,-0.4648602727764,522,365,847,576,950,271
"216","Pdf","NM_026513.2-1",518.149688019848,0.00201084698279994,35.5774853925856,2.45104128871304e-09,1.37088532722565e-05,28.8028890418748,32.5936573453282,0.377216493930657,318,610,530,676,429,608
"217","Pdf","NM_026513.2-2",1650.17660265161,0.00146946587560341,42.4440535042196,7.27332097885905e-11,6.48705031235527e-07,53.8830272756672,50.8177374866849,-0.196619022960935,1345,1476,2075,1948,1624,1645
"218","Terf2","XR_004934798.1-11",3257.01322885881,0.000675611555548933,15.9388410133378,6.54223211700558e-05,0.0415578531895638,67.5106924107607,70.9805654025582,0.185021367025382,2322,2961,3963,4688,3034,3220
"219","Terf2","NR_104410.1-11",3257.01322885881,0.000675611555548933,15.9388410133378,6.54223211700558e-05,0.0415578531895638,67.5106924107607,70.9805654025582,0.185021367025382,2322,2961,3963,4688,3034,3220
"220","Pkd1l2","XM_036154370.1-17",17.9117126625682,0.0222250146242824,24.8351387456629,6.2448638661436e-07,0.00124525843680747,3.54281480792912,7.27929126994144,2.08139860561118,4,14,8,55,5,30
"221","Gm51556","XR_003947480.2-2",503.448020006189,0.00350804215464819,19.8558318510306,8.35075811817586e-06,0.00959545732968812,31.2075348685287,29.6966377929194,-0.151281177845398,419,329,662,590,654,451
"222","Gm30713","XR_879356.2-5",1.6269895856558,0.262817249541265,20.5184693065035,5.905863480254e-06,0.00762809664851863,0.0134713298345446,4.20056536658007,16.5706638948744,0,4,0,4,0,2
"223","Slc35f3","XM_030243383.2-4",29.9911108779546,0.0314755562157801,21.5270142577184,3.48879264700063e-06,0.00519503879636102,6.31462487673275,8.29243963958473,0.788766733937103,11,28,21,56,18,53
"224","Taf1d","XR_870541.3-12",1514.35144340104,0.00154470276000001,35.7665596680341,2.22433240801118e-09,1.27518752618873e-05,45.666060645974,52.0904646886402,0.434061835208782,769,1961,1294,1786,858,2503
"225","Taf1d","XM_036155366.1-9",1613.05724846425,0.00173914572633022,28.288900120294,1.04493456093969e-07,0.000299525267220558,47.2678464075389,53.3777516309909,0.40380723923499,839,2070,1402,1879,916,2660
"226","Bbs9","XM_006510416.5-24",181.746420054477,0.00283918545202865,18.9537951240381,1.33922620177179e-05,0.0137715693132511,16.8718270769336,19.9892648445957,0.499395143956479,89,179,201,329,107,238
"227","Bbs9","NM_001360258.1-22",181.746420054477,0.00283918545202865,18.9537951240381,1.33922620177179e-05,0.0137715693132511,16.8718270769336,19.9892648445957,0.499395143956479,89,179,201,329,107,238
"228","Tbx20","NM_194263.2-1",30.3098474001991,0.0286189271182787,39.0236328433716,4.18706104592621e-10,2.82400026708122e-06,3.82350640479524,9.13434145137896,2.51892532730661,10,61,6,46,2,55
"229","Herpud2","XM_006510706.4-1",1543.83052599042,0.0115178718955836,15.7962448452882,7.05423756867891e-05,0.0427940831150785,49.1772156952867,51.3061082450646,0.140738521731159,981,1758,1441,2013,1143,2068
"230","Herpud2","NM_020586.2-1",1543.64454390949,0.0115114204183186,15.7912849558397,7.07275440903154e-05,0.0427940831150785,49.1772074701558,51.3018049711947,0.140459002635726,981,1757,1441,2013,1143,2068
"231","Snupn","XR_003947964.2-1",273.610402758005,0.0148887085214395,18.6813202072764,1.54488561131455e-05,0.0152045917958887,26.4083156581148,19.56764507501,-0.892830116074945,214,177,396,363,343,216
"232","Map2k1","XM_006511196.5-1",80.0673924958123,0.0393236835709913,21.46581255338,3.60193425571156e-06,0.00526102646995383,8.15875064739126,14.8618251871988,1.74408132300156,31,77,44,148,16,178
"233","Tcf12","NM_001253864.1-1",30.4465869190452,0.0246092869840025,22.3205715084015,2.30721709000175e-06,0.00364892040783474,5.05707672704821,9.20831307268284,1.73452943193631,15,61,12,40,9,43
"234","Tcf12","XM_030244214.1-1",32.6272340208195,0.0292111468779054,22.9956717822855,1.62366538035155e-06,0.00291702841476016,5.06218538160883,9.61317694972041,1.85644124906102,15,69,12,40,9,47
"235","4933433G15Rik","NR_040719.1-1",44.6848611010944,0.0156486372624488,29.4157485576146,5.84011223720156e-08,0.00018862410954734,10.4398158396243,7.99176695699236,-0.77502824132348,34,29,80,30,67,37
"236","Col12a1","XM_006510797.4-1",264.604746593143,0.0463982500673032,26.6562580986164,2.43062248057874e-07,0.000586716447111994,26.2993957638527,19.1218294780165,-0.948424699674689,177,237,338,340,319,230
"237","9430037G07Rik","NR_040766.1-5",373.846419651276,0.00601144546010858,15.3672094543786,8.85110413692102e-05,0.0498697738639356,24.9307070440785,27.6682217944319,0.313309710182939,265,446,414,304,280,535
"238","Pcbp4","XM_030244480.1-1",633.111868916011,0.000613643472518543,25.3570650191472,4.76404333862004e-07,0.0010115475576287,32.0161676870214,35.4359945061553,0.313061888155421,380,529,579,1298,502,693
"239","Rassf1","NM_001243748.1-2",60.7639521380666,0.00880895000355033,18.7684662627581,1.47587314608622e-05,0.0147148402768656,9.06651999397178,12.5325565455224,0.940767940318452,25,72,60,110,45,69
"240","Rassf1","XM_036155142.1-2",63.0342330914695,0.00977323483455426,19.1796155100842,1.18977145970647e-05,0.0124581567147968,9.17160131671133,12.7971800216503,0.968233516516996,26,73,60,115,47,74
"241","Azi2","XR_004935444.1-8",412.346911127831,0.001401282803812,28.8462061924726,7.83592355200095e-08,0.000236434558585612,29.5200773410206,25.745138854763,-0.413173415932906,367,371,607,341,442,382
"242","Azi2","NM_001286507.1-7",412.346911127831,0.001401282803812,28.8462061924726,7.83592355200095e-08,0.000236434558585612,29.5200773410206,25.745138854763,-0.413173415932905,367,371,607,341,442,382
"243","LOC118567689","XR_004935721.1-1",17.1067337606584,0.107762614789243,19.7867861129339,8.65791632713422e-06,0.0098287066360055,8.07832414507735,3.05251963624556,-2.81308372580466,15,0,44,7,33,10
"244","Ccn6","XM_036155821.1-3",90.0597385962206,0.0183287001358654,17.1378923270191,3.47618209097281e-05,0.0264831950954658,10.7865845498341,13.7035186523032,0.696957720614503,18,183,55,88,58,136
"245","Lin28b","XM_011243183.4-1",309.743721122996,0.00162720917811978,17.6728577111239,2.62343502552505e-05,0.0215625672513729,22.2011396643015,25.0288255517061,0.357709824283724,221,425,289,232,187,481
"246","Dip2a","XR_001779571.2-8",172.601588865306,0.00282580796445686,22.9524531496419,1.66058159352579e-06,0.00291702841476016,16.3732746597574,20.0248836645335,0.592673848021945,125,193,206,263,113,167
"247","Kiss1r","XR_004936040.1-5",1223.78099776841,0.000694735260746485,33.6607929443311,6.56098332436956e-09,3.13445510835652e-05,44.0973229901756,48.1243289729737,0.284342663863946,995,935,1533,1939,1320,905
"248","Kiss1r","XR_004936040.1-6",3408.83532558333,0.00156396008656652,19.3089146776466,1.11186021161119e-05,0.0119143615086838,72.7019877976609,67.0164363173779,-0.301685732642669,3059,2292,5070,3982,4640,2074
"249","Kiss1r","XR_380346.5-4",1252.34251793514,0.000886650914854461,27.1218347975189,1.91028098277373e-07,0.000487594784609007,44.6271236235909,48.5290472325101,0.273347627730981,1011,947,1597,1996,1347,919
"250","Kiss1r","NM_053244.5-5",1627.93555743759,0.000692692205703087,16.4476868517023,5.0011167273605e-05,0.0344395220255676,50.8030949960177,53.4992918092651,0.173415929766398,1364,1193,2147,2454,1798,1184
"251","Apba3","XM_006513905.1-1",70.5714860667431,0.0180913445934126,16.2041731505413,5.68687009870892e-05,0.0375818531284016,9.41708572821517,13.6001357585575,1.0690853120445,44,86,51,107,44,97
"252","Gm4924","XR_004936349.1-6",98.9500069256422,0.00651056502353575,34.4048954463786,4.47596057375806e-09,2.33274857939069e-05,16.3390596784591,11.4455540144537,-1.03913758949541,81,127,123,32,97,124
"253","LOC118567814","XM_036156150.1-1",115.853279909164,0.0067489309572605,32.9130773529756,9.63728000659516e-09,4.33329902351446e-05,15.6405149102269,14.1145235408563,-0.300242281908768,83,104,143,70,161,138
"254","LOC118567814","XM_036156150.1-2",18.1638205081358,0.0230581832537653,23.537123870154,1.22526649068155e-06,0.00226591298852525,4.06183072756946,7.35112302535563,1.71500627241168,4,27,14,19,8,38
"255","Cdk2","XM_011243321.4-6",531.750538643613,0.00135357115116647,22.763346392662,1.83227196194205e-06,0.00308947997959341,29.3544432469469,33.1271903022445,0.369589194835747,438,558,688,484,595,464
"256","Fam161a","XR_003949516.2-4",662.449032658488,0.0023448725978353,16.5455137843134,4.74962190346147e-05,0.0331388366002175,32.1826564224517,36.5962933412026,0.397438362040575,366,863,714,727,525,840
"257","Sptbn1","XR_004936898.1-1",269.243343162061,0.00179406636482383,30.0547289563137,4.20023003320107e-08,0.00014812581162577,20.3199818072475,24.5229841840721,0.559128841540136,164,268,271,356,208,384
"258","Sptbn1","XM_006514601.3-1",274.523506840435,0.00177714760216203,31.0185308290453,2.55576633999123e-08,0.00010104795069335,20.4895786365131,24.7615759321999,0.563509230727159,168,278,276,360,210,390
"259","Ube2b","XM_011248967.2-1",108.036615244158,0.0167669823530254,49.617273949201,1.86861189603206e-12,3.57085504625406e-08,18.023426070228,9.76128094617403,-1.78982490769115,123,60,182,50,196,43
"260","Gm31490","XR_879859.2-2",59.8849907642634,0.0172447288489637,24.9471816219266,5.89226036942981e-07,0.00118525401655804,10.3641773072133,11.3158983075533,0.255323379042457,42,57,88,80,67,40
"261","Tnip1","NM_001199276.2-1",314.74111592339,0.00857535351067934,17.1727133140522,3.41303818334924e-05,0.0262639014782857,21.1818777103422,26.7413646394079,0.696011516484058,168,418,329,567,169,311
"262","Gm32483","XR_003949707.1-2",410.785492129847,0.00829133052394872,17.1199732698285,3.50913253019791e-05,0.0265577635410846,26.382242341942,28.1982646829318,0.200813481436805,235,422,448,275,273,815
"263","Rap1gap2","XM_006533622.4-1",3.68817741996304,0.158236733807291,15.4498452065963,8.47238820206104e-05,0.0482101544301201,4.02396918826062,0.729868540128223,-4.92721395987653,5,0,5,1,11,0
"264","Smyd4","NM_001102611.1-5",1026.28946106186,0.00198156379109667,15.9082832885698,6.64870970011718e-05,0.0417713839340293,44.589067024749,40.4327496907278,-0.313078489030753,796,993,1226,1350,1129,820
"265","Rhot1","XR_879726.4-8",771.831764372336,0.000645648089536048,17.188359712866,3.38504184416619e-05,0.0261361702200948,38.5823271946612,35.8761124735358,-0.227454118521296,652,721,1107,804,758,690
"266","Synrg","XM_006532979.5-8",300.47380227593,0.00496591180050943,16.0322034650387,6.22741982730022e-05,0.0403403108790163,25.9580660899157,21.7234179698089,-0.53169506035474,256,294,444,273,322,247
"267","Gm11496","XR_388949.4-3",407.358209234711,0.011222146219817,18.2837333220531,1.90325445841744e-05,0.0175279798950383,28.1556817927533,26.6682753549527,-0.163788921277916,316,301,511,442,642,294
"268","Eme1","NM_001379688.1-4",50.7234091798924,0.00760286349918477,15.5878964358652,7.87571202079355e-05,0.0458382430903628,8.37175265053409,11.2964041155367,0.86963350476094,25,72,50,83,34,50
"269","LOC118567867","XR_004937065.1-2",448.946559978513,0.0128636125038332,17.9132631465176,2.31204239703033e-05,0.019636604233978,29.405601413542,27.6530235570247,-0.18611283063257,382,299,561,447,745,314
"270","Arhgap23","XM_006533869.4-1",88.9660826900718,0.00621378902305356,16.5271940854287,4.79573099901783e-05,0.03319127957305,10.9178235940446,14.2207450141953,0.769993170557093,42,107,56,170,54,121
"271","Arhgap23","XM_006533863.5-1",88.9660826900718,0.00621378902305356,16.5271940854287,4.79573099901783e-05,0.03319127957305,10.9178235940446,14.2207450141953,0.769993170557093,42,107,56,170,54,121
"272","Pip4k2b","XM_036156220.1-1",210.007029709631,0.0026571036138627,15.5614543387633,7.98663008436041e-05,0.0462490420309392,18.2672061047223,21.4117615780132,0.469337710830024,146,221,210,284,149,273
"273","Cacnb1","XM_036156255.1-1",37.3071872922095,0.0573545404252927,15.4253423112728,8.58295121800741e-05,0.0485977294199651,5.44380854656993,10.5934253882587,1.92830009955221,12,30,13,52,19,100
"274","Gm31862","XR_389019.5-1",10.2249364005719,0.0568240824478242,16.6740637876436,4.43836795831308e-05,0.0317023055286225,5.75931586093236,2.59058088318528,-2.3075961262609,19,5,16,2,13,4
"275","Msl1","NM_028722.3-9",4754.51870139897,0.00107560289904511,20.3468498939397,6.45993471382253e-06,0.00786099399764536,77.725574562147,81.9988522352698,0.210834355048194,3623,4914,6073,5579,4115,4839
"276","Bptf","NM_001359590.2-24",1043.08284712698,0.000543192000176398,15.9301257046151,6.57242434354819e-05,0.041634311070859,41.030024112873,43.5682604512232,0.191883088086243,745,1230,1186,952,713,1463
"277","Prkar1a","NM_021880.4-2",681.43689731371,0.00203082915427044,33.0491022953284,8.98605290757307e-09,4.12129141710605e-05,32.4121822115575,38.2069209220803,0.510438240841646,490,525,747,1111,668,699
"278","Gm33250","XR_004937114.1-2",28.9795460116867,0.041623648039424,26.4668459797304,2.68100186335536e-07,0.00062100669019919,9.3076682312948,5.67886009658997,-1.43046980739614,34,30,39,17,40,12
"279","Gm26730","XR_389166.1-3",25.5975492844918,0.0289969373438933,25.6762102206068,4.03773988954543e-07,0.000898949864573786,6.34444345187981,8.02836324137391,0.681375607049277,17,12,28,63,26,19
"280","Greb1","XR_004937504.1-34",1880.05427407244,0.00193296307928536,19.3153422257488,1.10812371039316e-05,0.0119143615086838,52.6119797540993,57.621278291347,0.309779900706779,1197,2422,2234,1937,1537,2113
"281","Greb1","XR_381191.4-17",55.1239779477993,0.0115475361478295,15.6288656288795,7.70690895541659e-05,0.045315834205649,11.8959151567113,8.60827293223542,-0.939328195653803,63,49,100,43,52,29
"282","Greb1","XM_006515107.4-17",55.6427647016053,0.0113163350530782,15.8749035223416,6.76701377578819e-05,0.0422829572481919,11.9517162199378,8.64411192856286,-0.940906602478139,64,49,101,43,52,30
"283","Greb1","XM_006515106.4-17",55.2541006833221,0.0117065205851133,15.7019684855126,7.41469638231065e-05,0.0440494434094805,11.920740624274,8.60852659606761,-0.94531049273093,63,49,101,43,52,29
"284","Arl4a","NM_001039515.1-1",135.066440747022,0.00333422849878216,25.2540643264362,5.02535612273652e-07,0.00104763142240132,17.8167912587107,14.3040206415731,-0.643636165871118,130,111,191,116,155,117
"285","Trim9","XM_030247009.2-10",1235.11529596067,0.000570822252190813,23.8896981877735,1.02016228399385e-06,0.00190194743346613,47.6513525414304,44.7536820635214,-0.204229859951651,943,980,1524,1796,1119,1297
"286","Trim9","XM_036157695.1-10",1238.54608001603,0.000584258122218888,23.0305169101934,1.59450181089055e-06,0.0029019426767157,47.6878051879627,44.8222224721926,-0.201788476014409,946,987,1526,1800,1120,1300
"287","Timm9","XM_011244122.4-3",98.5636060263009,0.00557848998414279,16.1463294531039,5.86320837159733e-05,0.038415071169749,12.0544510477629,15.20929286887,0.678406005960458,69,122,85,118,73,127
"288","Gm20498","NM_001309848.1-1",963.825128387936,0.00180390885759063,25.1146266473836,5.40215456080383e-07,0.00110607185291544,43.6986410577651,38.8543952646735,-0.373858867487545,749,941,1242,972,1070,911
"289","Gm20498","NM_001309848.1-4",840.602246355891,0.00117227197887074,28.035841441762,1.1908922277447e-07,0.000337148940861116,36.7662118755525,40.2429584798731,0.284097952844339,520,993,948,1134,637,939
"290","Gm20498","NM_001309847.1-6",449.122125736129,0.00312891022287966,29.8579387331989,4.64889428775531e-08,0.000159114304849388,26.0400992346541,30.9606017434369,0.524092562295627,258,540,448,575,306,617
"291","Med6","NM_001347386.1-2",35.0142023371247,0.014645800943618,17.3174581001749,3.16267857780452e-05,0.0247053155160212,6.32304877383189,9.61072982893523,1.21270631059641,15,40,27,58,16,60
"292","Wars","NM_011710.3-1",111.698328830746,0.00408531364424211,17.5390937353747,2.81460560324114e-05,0.0227265527645368,13.1571638408849,16.3776764872171,0.640200552346178,59,104,127,174,105,129
"293","Ppp2r5c","NR_164198.1-2",221.143837737917,0.00402164301343247,17.3763833857689,3.06612191176524e-05,0.0241618835848233,22.3574285908274,18.7915948654567,-0.514314730632353,203,125,307,279,258,196
"294","Ppp2r5c","XM_030246740.1-1",188.531770792722,0.00337983096920893,19.9766489279587,7.83936930667886e-06,0.0091253442229968,20.8085549174876,17.3010930954701,-0.5444614863697,166,104,275,235,224,167
"295","Ppp2r5c","NM_001364213.1-1",186.770896021574,0.00380102050558428,18.5331466363155,1.66975079667775e-05,0.0158223377558246,20.7048018062551,17.2269951979634,-0.542268602698394,164,102,270,234,224,166
"296","Klc1","XR_003949989.1-16",536.935688781225,0.00077009080612962,24.2435923440462,8.4889023783919e-07,0.00163583288891035,33.2827547345395,29.9214404279238,-0.325855131742804,452,359,727,751,569,479
"297","Tmem170b","NM_001163572.2-3",1309.87078531929,0.00109479749656089,19.6670841666688,9.21754997879129e-06,0.0103614298575319,46.3249669950658,47.4487162587944,0.0782853139851021,1035,1590,1535,1005,791,1878
"298","Gm32965","XR_004938132.1-7",9.14241197179303,0.0569216157920872,17.8217863311707,2.42589622979927e-05,0.0202703988511885,5.72663035206051,3.11457889613501,-1.75935200240435,7,6,11,15,6,12
"299","Aopep","NM_001289926.1-2",96.3695876491925,0.0106646103884749,20.6001848740669,5.65906491740914e-06,0.00762809664851863,11.6526224128959,15.974071025961,0.920746813908858,63,93,120,122,84,113
"300","Gm31714","XM_030247507.1-4",36.7345002361238,0.0528833621347042,20.8576257861958,4.94718679746094e-06,0.00683415113040092,7.36356110669738,8.91703218213587,0.554567382218638,19,75,17,11,33,55
"301","Ice1","XR_382437.5-14",470.003319122541,0.0010879933019377,17.3956117491218,3.03525927286694e-05,0.0240842046857009,30.8953305629041,28.0176187570245,-0.297027063021243,404,467,656,414,432,482
"302","Ice1","NM_144837.3-14",540.554299069701,0.00130011625891308,15.4927297998445,8.28231966280417e-05,0.0477203119546633,32.9522276441142,30.0496074872611,-0.282127131748377,457,542,747,500,507,536
"303","Vcan","XR_004937935.1-7",677.160963757045,0.00339754280152123,27.1573340517248,1.87552352815974e-07,0.000487594784609007,31.7823936906763,38.34212750092,0.581702673858523,487,851,897,449,497,892
"304","Homer1","NM_147176.4-10",1312.66649668742,0.000467605734028831,26.1625973870562,3.13842945507915e-07,0.000705580479334244,48.6408867203652,45.5255386070257,-0.216389644275395,1256,1355,1881,952,1040,1414
"305","Homer1","NM_011982.4-5",542.028744832348,0.00072238280636041,16.250090251046,5.55069503522239e-05,0.0374030254642484,30.0093090290161,32.5761281283258,0.250927076906125,439,647,638,457,378,693
"306","Hmgcr","NM_001360166.1-1",760.708227260875,0.000587982106468771,15.8208823126397,6.96297827895543e-05,0.0427713160202416,35.7355140104842,38.3664173685352,0.222022273593005,554,671,920,1070,666,824
"307","LOC118568080","XM_036158283.1-1",300.322040996101,0.00116980732349278,16.1231135830991,5.93551977654396e-05,0.0387780527942437,25.0446541480354,22.2372509934984,-0.354772679447434,280,277,427,251,338,249
"308","Bdp1","XR_382739.3-31",400.947454272955,0.00187427260990613,17.3884531984612,3.0467125137369e-05,0.0240917216137962,25.2637043190206,29.1068363842947,0.426998767239498,344,472,466,248,314,537
"309","Bdp1","XR_382739.3-32",374.782418121416,0.00288948213005697,17.8178939362975,2.43086382288059e-05,0.0202703988511885,24.0774593075427,28.6014046599802,0.517819694704897,311,459,397,224,305,520
"310","Naip5","XM_011244631.3-10",742.298299939621,0.00675958262931585,31.7412113123135,1.76144546251718e-08,7.48014125338129e-05,39.7108483233359,33.4307276204992,-0.536904873184241,647,700,1064,483,825,765
"311","Naip6","NM_010871.2-10",165.084433722462,0.0121369948984057,18.4128841832436,1.7785134979918e-05,0.0167148197256347,20.4622576319473,15.1690777546421,-0.880370420654902,132,139,244,120,231,142
"312","Erbin","NM_001289475.1-22",322.433790721251,0.00754128410829216,18.7123886747842,1.51991781924449e-05,0.0150233394240461,20.6499977567096,26.7913437487238,0.776980958885583,191,445,199,167,185,690
"313","Pde4d","XM_006517644.3-1",227.024620800328,0.014565947146337,32.6953585716803,1.07794316829772e-08,4.7536464534877e-05,24.9855372617261,16.5423064196763,-1.22087732769355,228,132,320,212,343,152
"314","Slc38a9","XR_003950453.2-3",366.229911969612,0.00143931204595957,16.0212494884861,6.26355254610499e-05,0.0404138832883173,24.4328849183204,27.5053767471402,0.355853937437393,250,493,412,323,280,446
"315","LOC115488283","XR_004938483.1-5",78.0984513205205,0.00434098924161399,22.9351554862078,1.67559165490594e-06,0.00291702841476016,14.0515399698597,10.6377340568254,-0.810556178473026,66,70,132,51,73,85
"316","D830030K20Rik","XM_036158671.1-2",80.9121676171042,0.00703183203778772,24.7162267251823,6.64225786329878e-07,0.00131308276222433,9.7008356072175,13.8291259408302,1.0316818446871,37,84,49,113,34,174
"317","Gm41113","XR_874439.3-1",213.94227747235,0.0327330990218131,15.6035776779497,7.81066647392575e-05,0.0456916018656826,20.7298491309174,17.0493371406137,-0.576299338634569,206,74,335,97,441,150
"318","Arhgef3","XM_006519579.5-2",73.4228354611606,0.00859048392111467,19.2141210112351,1.16845857544588e-05,0.0122911122333462,13.6355315048652,9.9360341724819,-0.920999517879647,76,36,113,70,106,50
"319","Erc2","XR_004938391.1-2",1843.94860580278,0.00202681469732064,18.9046131037234,1.37419961322398e-05,0.0140055981558254,56.9159177766131,52.4424028078917,-0.278178724795225,1528,1510,2617,1628,2291,1701
"320","Gm5798","XM_017316252.1-1",29.0138486960619,0.013699722968759,22.8306884458846,1.7691805272756e-06,0.0030276224014383,9.39411993273782,5.7501226608635,-1.42123476417837,16,27,36,8,15,71
"321","Zdhhc20","XR_001781166.2-11",45.2172464303646,0.0235078391456945,21.4084712817541,3.71127803544111e-06,0.00535254989921518,6.84791801093877,11.3785011112151,1.47248224341495,31,63,26,35,19,90
"322","Kif13b","XM_006518621.5-1",20.3737461743745,0.0471825869051064,18.6715519574405,1.55282055295791e-05,0.0152173759795767,7.48798824442846,3.43615491245717,-2.25150100028769,25,1,35,8,49,6
"323","Gm26908","XR_001781325.2-2",15.544199249096,0.027423524322664,15.7379797736452,7.27487278122227e-05,0.0433310318623056,3.39615355071643,6.30225222296215,1.78643737756906,2,23,8,19,4,38
"324","Gm26908","XR_874796.4-2",13.6182166510905,0.0382039229489769,17.2870985301242,3.21361362712353e-05,0.0248963858958601,2.85978473132769,6.02454034872733,2.15238908423105,0,21,7,18,3,34
"325","Lgi3","XM_030247718.1-9",282.573405486201,0.00429012151886026,17.3146212974772,3.16740339169977e-05,0.0247053155160212,21.0698557675027,24.6397421708539,0.46603234944264,163,139,237,619,219,412
"326","Gm36845","XR_383609.3-2",26.4924954218303,0.0434070292625189,16.1627364169878,5.81263985526568e-05,0.0381928745286563,6.27184319701394,8.06360473292301,0.727353723222851,32,24,26,19,21,33
"327","Dach1","XM_036158433.1-10",2036.20869566333,0.00161845963721532,16.9160289750513,3.90702669389473e-05,0.0289014107528117,58.712891831469,55.5131874193258,-0.192960792494869,1812,2307,2663,1451,1822,2154
"328","A330035P11Rik","NR_015586.3-3",111.394630371384,0.00347542300687289,18.5696491514086,1.63807945973978e-05,0.015591949590015,12.9689543015583,15.6523029066781,0.549438415974806,64,184,104,89,75,147
"329","Trappc9","XR_001781576.1-2",2117.46110711328,0.00103181392928618,16.7539520287974,4.25535385518526e-05,0.0306861863099265,60.3520143502916,56.310843835058,-0.240245153810312,1541,1588,2727,3268,2262,1855
"330","Adgrb1","XR_383969.3-14",89.6756893004207,0.0222544306334746,20.3412244204083,6.47895421843645e-06,0.00786099399764536,14.6624145116906,9.49407878779186,-1.26512801122055,106,48,179,26,151,35
"331","Adgrb1","XR_383969.3-27",548.424223968606,0.00377892910922549,28.4535184730945,9.59751889137192e-08,0.000278590461024537,29.0814697427056,34.7966940614861,0.549763723892559,430,455,850,670,522,485
"332","LOC115486415","XR_875580.1-2",182.136277086032,0.00599270776909526,16.6233108740284,4.5587267186384e-05,0.0321658146526549,18.0707113805939,17.6123563201566,-0.0755796101667725,120,352,135,221,79,176
"333","Scn8a","XR_004938811.1-7",363.634691468601,0.00732551259106044,17.0050128659971,3.72812602718221e-05,0.0280789452846988,29.067920998132,23.4241848192144,-0.648981347588689,302,240,557,401,385,368
"334","Pcbp2","XM_011245498.2-15",361.371426556733,0.00811758842079039,47.0725560449673,6.84068568271637e-12,1.12048477001271e-07,30.190352037987,20.6062743140793,-1.1449519967258,383,180,680,259,501,225
"335","Gm36560","XR_001781778.1-1",32.109738697302,0.01579463064289,21.4880329447713,3.56043658886264e-06,0.00526102646995383,9.10066128102028,6.53421690005553,-0.959479877016687,31,20,39,17,51,34
"336","Smug1","XM_011245731.4-1",65.6098780048355,0.00604165125298556,21.8468023423634,2.95308313933395e-06,0.0044846967760232,12.8834618782979,9.32925412296623,-0.938383604585638,76,42,108,48,76,48
"337","Crebbp","XM_006521754.5-24",489.306328537875,0.000806692645976596,15.8294041483855,6.93168986246233e-05,0.0427713160202416,31.3764442829836,28.6268636839924,-0.279136553942353,428,425,673,411,402,627
"338","Abcc5","XR_384569.1-11",840.41531954057,0.00122537206281144,17.6435469227959,2.66417669035714e-05,0.0217883182227732,39.7355857336867,37.7846990794625,-0.158465872478512,699,730,1187,979,874,711
"339","Abcc5","XR_001781835.3-11",857.972481401032,0.000973988330330565,15.9544041636909,6.48866363132635e-05,0.0415578531895638,39.89898153285,38.357042287273,-0.124254867188421,704,771,1200,985,881,741
"340","Ncbp2","NM_026554.4-2",2537.19096439772,0.000438870861241141,15.8287964894697,6.9339162274592e-05,0.0427713160202416,63.4220548826361,61.9712070106505,-0.0822189661510659,1920,2330,3335,3042,2661,2346
"341","Heg1","XM_006522716.3-17",1183.798928442,0.000540136001649714,18.103720136478,2.09192322716411e-05,0.0185207952938472,44.0767634751796,46.1005302398105,0.145367403624963,961,1386,1712,1007,1184,950
"342","Heg1","XM_006522717.3-17",1183.798928442,0.000540136001649714,18.103720136478,2.09192322716411e-05,0.0185207952938472,44.0767634751796,46.1005302398105,0.145367403624963,961,1386,1712,1007,1184,950
"343","Cep97","XR_004939252.1-4",407.156871293865,0.00150018927264612,15.6936820820968,7.44725135217337e-05,0.0440755406094548,28.1818081957659,26.6377979183698,-0.170037393621886,363,344,534,333,465,425
"344","Crybg3","NM_174848.4-4",2095.83740560994,0.000479459888465448,22.3222677663269,2.30518001801999e-06,0.00364892040783474,58.873338526693,56.549927331603,-0.13910289829464,1830,2263,2949,1633,1743,2243
"345","Son","NM_019973.2-5",1773.35482690054,0.00124830812842235,20.0776759586043,7.43595991590814e-06,0.00878961125812573,56.1865834181214,51.7516431655661,-0.278358094497264,1478,1697,2516,1698,1461,1972
"346","Gm34035","XR_001782146.3-2",4.03264987325178,0.139898389309103,18.9376564993427,1.35060274152639e-05,0.0138265543873154,0.0330721168909065,4.03523723450846,13.863236460374,0,13,0,3,0,7
"347","T2","XR_004939498.1-1",57.8967953768526,0.0056924985206199,16.2296589543528,5.6108778976179e-05,0.0374030254642484,11.8085946646217,9.22806950931064,-0.716294172134599,57,32,77,55,83,49
"348","T2","XR_004939497.1-1",57.8967953768526,0.0056924985206199,16.2296589543528,5.6108778976179e-05,0.0374030254642484,11.8085946646217,9.22806950931064,-0.716294172134599,57,32,77,55,83,49
"349","T2","XR_004939487.1-1",57.8967953768526,0.0056924985206199,16.2296589543528,5.6108778976179e-05,0.0374030254642484,11.8085946646217,9.22806950931064,-0.716294172134599,57,32,77,55,83,49
"350","T2","XR_004939488.1-1",35.8741046602821,0.0103005215445857,20.1040426548377,7.33414876659261e-06,0.00871418475937799,9.75701447117282,6.67680984965844,-1.09905954769227,40,19,58,29,50,23
"351","T2","XM_036160447.1-1",57.8967953768526,0.0056924985206199,16.2296589543528,5.6108778976179e-05,0.0374030254642484,11.8085946646217,9.22806950931064,-0.716294172134599,57,32,77,55,83,49
"352","Gm3417","NM_001360661.1-1",941.74171169114,0.00228539017584859,16.8310890759605,4.08584357780573e-05,0.0299344826162332,42.4375808691603,38.9035009919474,-0.27594280324726,781,748,1224,888,1250,857
"353","Tcte3","XM_036160473.1-2",626.593919641216,0.00703847995236911,15.9486680500882,6.50835585086133e-05,0.0415578531895638,30.5392366705235,36.835217181494,0.57804641781383,436,516,586,971,509,841
"354","Rgmb","NM_001372259.1-1",61.636078001489,0.0236818878008631,18.2372647025137,1.95025549795004e-05,0.0176443217091792,7.75519801509853,12.3933575763874,1.36096327849746,28,65,30,167,16,84
"355","Zfp229","XM_030249864.1-2",87.4254760628863,0.00457425785689095,15.8155879165651,6.98248846959119e-05,0.0427713160202416,14.2379160423806,11.5555909700094,-0.608434228159942,82,104,106,38,72,113
"356","Zfp229","XM_030249864.1-6",1202.29421124989,0.00196464326570358,34.0826966808098,5.28188682999278e-09,2.63308947892744e-05,41.9697009481027,46.7119762392871,0.345411385686832,757,1849,933,539,770,2158
"357","Zfp758","XR_003952106.2-4",130.060674202149,0.00712506855198869,19.4069551808109,1.05621699249768e-05,0.0115336883738856,13.0908844456847,17.4731562957096,0.845032277057435,78,221,83,63,86,223
"358","Ift140","XM_006523403.5-2",394.098652908883,0.00107759850798491,15.7811304700049,7.11081698516968e-05,0.0429111607308203,28.6387746776062,25.7924342959777,-0.315697626705999,344,313,541,510,413,314
"359","Kifc5b","NM_053173.2-1",706.923329625378,0.00138243164117395,16.8977639114223,3.94480261797515e-05,0.029087021130019,34.3299970724104,37.457856689313,0.271255935824021,588,562,893,1044,723,574
"360","Cpne5","XM_017317469.3-1",41.1596370853099,0.0115887770491422,30.5172075430965,3.30918286061262e-08,0.000120452155057816,11.2995210822388,7.01966623783275,-1.38053970300641,40,14,54,55,56,36
"361","H2-K1","NM_001347346.1-3",6420.14298522164,0.000489850679977657,19.1574321479829,1.20367910205175e-05,0.01254649440755,87.0137995138358,90.3896456242971,0.158545321513808,5409,4827,8479,7645,8175,5028
"362","H2-DMa","XM_030249508.1-1",75.5507127779706,0.0126205915203452,38.0819640565946,6.78342797043327e-10,4.09354886438915e-06,14.0180184816552,8.63274890311732,-1.40961112360894,87,19,120,50,152,33
"363","Agpat1","XM_006524648.2-1",86.8682748266164,0.0113980152281116,27.4233601559015,1.63444914341686e-07,0.000451572698520219,14.7262846098219,9.78061419688521,-1.19155139155864,87,26,198,61,135,40
"364","H2-Q5","NR_051981.1-3",2549.91538928006,0.000966132826754154,18.2915132552981,1.89549733558569e-05,0.0175269301212568,63.1303358808616,61.3324754391836,-0.102375090242033,2331,1580,3609,2976,3557,1700
"365","Cdsn","NM_001355275.1-1",146.454715784982,0.00332545419056322,18.3475541459968,1.84055114672694e-05,0.0170877662657018,18.0138500170511,15.3457176654951,-0.470429491140687,140,86,236,147,171,124
"366","Atat1","XR_004939589.1-11",667.441045222204,0.00563084425372851,18.2332612958151,1.95435892573197e-05,0.0176443217091792,31.4866214766777,38.3930392538027,0.614494431199637,601,545,797,559,652,864
"367","Ppp1r10","XM_036160685.1-2",3657.72697635949,0.00265939783045262,43.4591707568073,4.32898098232365e-11,4.51229364973877e-07,77.8527321172454,66.1330161522536,-0.611989098421766,3036,2503,5444,3750,5054,2815
"368","Ppp1r10","XM_036160685.1-4",816.917543300533,0.000556511894640449,19.5257774585165,9.92512700575415e-06,0.0110484972060753,37.3041034969517,39.3185368541069,0.165235345682865,593,746,974,1169,781,792
"369","Ppp1r10","XM_036160685.1-10",800.644149686689,0.000889766484240116,22.688321770832,1.90522269292545e-06,0.00318903683978753,36.634465205872,39.2644640470043,0.217489995571404,556,781,988,1136,720,780
"370","Ppp1r10","XM_036160685.1-17",553.662195979101,0.00129251459527214,15.8029443634597,7.02930353635874e-05,0.0427713160202416,30.7832060547827,33.1462815639921,0.226675869238685,402,513,663,834,492,530
"371","Ppp1r10","XM_036160685.1-20",4162.42825857856,0.000574398975464467,15.9205704574421,6.60568743406735e-05,0.0417297470972614,75.3928051302677,76.7440717866477,0.0683554525963181,3110,3889,5139,5504,4113,3921
"372","Ppp1r10","XM_006524617.2-2",2940.64502773749,0.00117450913813658,19.2272294583547,1.16046278764325e-05,0.0122632573553548,69.4885902549177,63.3614653263397,-0.335070496021839,2329,2307,4040,3408,3645,2435
"373","Ppp1r10","NM_001163818.1-1",2940.64502773749,0.00117450913813658,19.2272294583547,1.16046278764325e-05,0.0122632573553548,69.4885902549188,63.3614653263386,-0.335070496021959,2329,2307,4040,3408,3645,2435
"374","AI661453","NM_145489.2-5",678.604909857041,0.000957986410072223,15.8023025927615,7.03168821173886e-05,0.0427713160202416,35.3045191669622,33.017826706844,-0.206913656875473,728,290,1094,609,955,492
"375","Tnfaip8l1","XM_036160743.1-3",135.664893846948,0.011817779737149,27.2366591676636,1.80012928138921e-07,0.00047622273304392,13.7621752682262,19.1218721538874,0.964651622944567,97,121,187,200,138,105
"376","Alk","XR_001782029.3-1",265.919214684069,0.0512540864369885,30.0258521025899,4.26324528916466e-08,0.00014812581162577,26.3136764298781,14.8113357311837,-1.70005650197129,327,105,509,165,492,34
"377","Alk","XR_001782029.3-5",35.9787736543429,0.0129260489821606,18.0437705608842,2.15883867211372e-05,0.0186813678843181,9.34955154688416,6.71337586140552,-0.95948030918162,31,24,73,22,60,14
"378","Alk","XR_001782029.3-6",43.8026450996393,0.0110009649500619,44.0994152361438,3.12114169104785e-11,4.23558437408386e-07,10.7990154922339,6.29721097862381,-1.56306788253754,51,14,95,22,72,17
"379","Alk","XR_001782029.3-7",39.526062321733,0.00905930825484766,42.0358300101413,8.96162309540933e-11,6.85014520582295e-07,10.1951485340071,6.12148406172668,-1.47776502428264,45,18,84,20,65,12
"380","Alk","XR_001782029.3-8",34.1064894889444,0.0105866788685424,17.1515332246793,3.45130716585884e-05,0.0264695636804711,9.00012042832367,6.60910526678489,-0.894295296536696,36,22,67,17,48,19
"381","Alk","XR_001782029.3-9",52.0751507505016,0.0201803000758375,16.5233829004419,4.80537983317893e-05,0.03319127957305,11.2672314762252,8.04804925487772,-0.976367389758101,49,26,118,39,74,22
"382","Alk","XR_001782029.3-20",63.7975111471744,0.00690821849428625,43.7964676160807,3.64362059603686e-11,4.23558437408386e-07,12.4896192292246,8.45386864626334,-1.13359820102726,81,47,118,30,91,18
"383","Alk","XM_036160268.1-13",203.252039987467,0.00311670567072762,26.5561820499119,2.55984263312877e-07,0.000605167910575832,16.7596620510887,22.8107928043064,0.910637512199863,130,314,226,244,173,150
"384","Alk","XM_036160268.1-14",1826.91381793196,0.00615918556244255,50.1191685640597,1.4468668388047e-12,3.01627014552125e-08,47.2085228367046,62.2930453406651,0.941702475832196,1255,2800,2084,1895,1384,1620
"385","Alk","NM_007439.2-1",229.575845262442,0.0500328185118418,29.0853586325212,6.92584262627222e-08,0.000217562538039211,24.4743464568022,13.9023229749232,-1.6677960234327,268,93,457,144,425,30
"386","Alk","NM_007439.2-29",1368.70972610016,0.00227895034764372,109.258686679605,1.42430134751431e-25,3.26615087806592e-20,41.0953798961991,55.5066693089099,0.987689924655788,898,2124,1491,1504,1074,1190
"387","Gm35551","XR_385838.4-6",13.219535761523,0.0419497062699837,20.0515551154151,7.5382207543606e-06,0.00886479297695874,3.833430276825,6.02560791401078,1.30686322311032,5,18,8,26,9,16
"388","LOC118567342","XR_004939619.1-1",100.592739277673,0.005776832842516,22.969016987724,1.64633473097172e-06,0.00291702841476016,15.2464471773634,12.5837673705427,-0.56039282396216,72,77,133,38,116,168
"389","LOC118567342","XR_004939619.1-2",160.957152927499,0.00443071772198229,25.3010846511863,4.90432884280215e-07,0.00103178080084038,16.0379256250826,18.3022199471092,0.387952242716512,89,187,149,90,117,324
"390","Ttc7","XM_006524202.5-17",92.5938143337623,0.0153299202523533,15.6069681388044,7.79667410590513e-05,0.0456916018656826,11.3396951248376,15.6724864469768,0.944089188519756,58,97,114,163,63,86
"391","Cep192","XM_006526241.3-17",1305.18962667177,0.000588654610022602,18.568998918224,1.63863832056795e-05,0.015591949590015,48.3810467875883,45.5193044586781,-0.199199359749919,1070,1787,1715,868,1013,1354
"392","Gpr152","NM_206973.2-2",132.927244502287,0.0237445868933038,17.9511284242377,2.26650010250959e-05,0.0193934603547422,12.5244534159278,11.6947771838499,-0.199550359911354,281,20,431,32,28,21
"393","Syt7","XM_006527204.5-6",323.166930149669,0.00185314353686986,43.8139897242348,3.61114550657346e-11,4.23558437408386e-07,21.9973022859542,27.2443856147677,0.640071225597457,217,283,346,628,202,352
"394","Syt7","XM_030250996.2-1",532.836010683013,0.00375813360495885,42.5879611413825,6.75740113694862e-11,6.48705031235527e-07,27.5459547687768,34.6668247373394,0.702361040674036,339,495,562,935,321,669
"395","Gm30990","XM_036161742.1-2",48.4905895295147,0.0133454849479395,19.13059547036,1.22072249909323e-05,0.0126665701629893,10.0924640950574,8.50817474136818,-0.495331735174886,58,34,48,23,86,35
"396","Zfp950","NR_131955.1-5",417.833300247245,0.00109735932430505,21.2393361392802,4.05359317137594e-06,0.00575755645393266,29.1818634574195,26.2226733189537,-0.322958929826406,337,481,583,169,318,603
"397","Zfp950","XM_036161621.1-5",429.497231536683,0.00110671104351669,16.7340743663278,4.30016967554529e-05,0.0309121538970954,29.3515228926553,26.7511756060133,-0.280515981264614,343,503,589,174,321,628
"398","Porcn","NR_131893.1-6",24.8134321339752,0.0163293383436298,18.125899311905,2.06769843203055e-05,0.0185207952938472,5.30362317344503,8.41329704850952,1.33517719409123,13,29,17,36,17,39
"399","Ints6l","XM_006527976.4-15",208.663442560505,0.00223264885391413,16.0372336608614,6.21089756464472e-05,0.0403403108790163,21.2414547380763,18.4772671960821,-0.411979033062216,179,208,268,138,181,277
"400","Gm39520","XR_878127.3-4",26.8475182493616,0.0285261376710159,24.2708478086743,8.36962491802472e-07,0.00162651602347606,6.63370284849026,8.00196997776931,0.542861415373729,18,24,49,35,26,18
"401","Zmym3","XR_004940355.1-18",297.661120779041,0.00427388171232453,15.4324621472633,8.55067599484607e-05,0.0485348221889634,21.8664914733005,25.8300070362342,0.497347638218343,206,228,385,488,235,325
"402","Pbdc1","XR_003953024.1-7",810.336407034419,0.000697886542348355,22.4421400160725,2.16569913824356e-06,0.00349739058863,39.4348801394192,36.4293078933359,-0.248672272323191,703,731,1166,736,915,696
"403","Pbdc1","XR_386928.4-8",808.218539214533,0.000701877689112795,22.9477206767747,1.66467474756715e-06,0.00291702841476016,39.4051709255826,36.3593301940629,-0.252286942087553,703,729,1161,733,915,692
"404","Pbdc1","XM_006528266.4-8",810.336407034419,0.000697886542348355,22.4421400160725,2.16569913824356e-06,0.00349739058863,39.4348801394192,36.4293078933359,-0.248672272323191,703,731,1166,736,915,696
"405","Pbdc1","XM_006528270.3-6",810.336407034419,0.000697886542348355,22.4421400160725,2.16569913824356e-06,0.00349739058863,39.4348801394192,36.4293078933359,-0.248672272323189,703,731,1166,736,915,696
"406","Pbdc1","NM_026312.5-6",4135.7746535501,0.0011110511567445,17.0017090455499,3.73461874087859e-05,0.0280789452846988,73.3307753450335,78.3294336918424,0.253346186232916,2891,4865,5056,4178,4160,4036
"407","Gm15080","NM_001198988.1-4",761.123485754564,0.00213944133018882,16.5435936519229,4.75443372528369e-05,0.0331388366002175,37.2395468990264,35.7068130634114,-0.131056333888719,569,799,691,523,544,1383
