"","baseMean","log2FoldChange","lfcSE","pvalue","padj"
"Gsta3",1640.52783339743,0.716345991876009,0.278288982945748,0.000494752067265167,0.0260165629598227
"Ogfrl1",4483.08152543084,0.691814806443243,0.291814013134668,0.000821907019507515,0.0365286998209486
"Vwa3b",1302.51438504655,1.30408227690784,0.209395531950717,2.45864519521146e-11,4.18031149315829e-08
"Ecrg4",40.0796896647505,3.07983665340219,0.822154727072686,5.760284192402e-06,0.000987622507374606
"Cavin2",8201.16321631088,1.02231399333732,0.357149920532725,0.000173404858368254,0.0126809294813171
"Gm17767",84.5845357826607,1.07773945728755,0.418126894483486,0.000368827011336266,0.0215005071779824
"Gm23472",96.2770251037396,-1.14836963445434,0.560985732099626,0.00117280121822147,0.0465538195629817
"Tns1",6388.96696122356,1.07021661352397,0.355774790249899,0.000117075807728793,0.00947173489023986
"Rufy4",371.27744061132,1.43718509433802,0.356217604835163,2.37249757264689e-06,0.000479267999749649
"Scg2",16604.1019902482,-0.500742771365502,0.184865948298516,0.000485776600769142,0.0256105942777592
"Col4a4",44.5595519456231,1.58098799125261,0.601644056916423,0.000279724303705891,0.0179111913346214
"9430060I03Rik",344.122743008476,-0.768880317516131,0.341324967100043,0.00096701854367489,0.040764626749171
"Tfcp2l1",77.4907365684081,1.54773326883745,0.662570167088461,0.000580864648094417,0.0289764826774337
"Nckap5",52.5476556373735,2.3746630708512,1.16254637237602,0.000908099604632402,0.0385999088194061
"Rassf5",61.7143897556627,1.92759417010812,0.752278577544997,0.000322156959258988,0.0196208013127198
"Plekha6",12882.3949288487,0.908381740422501,0.248566205255858,1.24322425250773e-05,0.00171388543404833
"Optc",2321.63217097926,0.826555433869931,0.185473379314479,4.75215192338884e-07,0.000153901834433179
"Prelp",212.362078401181,0.952192284292346,0.361042968337821,0.000331748078522329,0.0199665370091183
"B3galt2",11.8980723276228,-0.0574289569326826,0.172568450010108,1.21101887894661e-05,0.00171388543404833
"LOC118567800",6.18376331520136,-0.0361482420695927,0.162578510555009,0.000636177616257332,0.031142932493294
"LOC118567815",36.2119753669894,2.24265560067099,0.578889746655249,4.32306275794968e-06,0.000809205958260985
"Lamc2",977.834280355807,0.588204678388849,0.23356194863614,0.000674206180564161,0.0321397866870341
"E330020D12Rik",627.156826967062,1.17954725438069,0.27764396708794,1.02948745237545e-06,0.000265881423934384
"BC034090",545.829667331709,0.850205438633834,0.295304418771333,0.00018052607493086,0.0130151007307927
"Lhx4",127.755266578866,-1.3824150517992,0.326291533831356,1.00536422326807e-06,0.000265881423934384
"Sele",325.626260612393,2.25268088747362,0.346559846746063,3.77524822226004e-12,8.55848771986351e-09
"Gata3",2409.6502818347,0.457292289680217,0.189272650342176,0.00121341147794727,0.0477018003556033
"Apbb1ip",102.080898063312,1.7481932256332,0.749111949823916,0.000549264292460604,0.0279279841636115
"Notch1",2293.55917635671,1.63326042023255,0.331596413729391,3.62527056396167e-08,1.99909176531108e-05
"Fam163b",58.1806669957902,3.48106873759995,0.951844562169044,9.60078526742689e-06,0.00144032957214199
"Dbh",12485.0445561444,0.966882504647679,0.329524701671233,0.000141976369419195,0.0109311089255088
"Gm13373",20.2665298407158,2.19040036553362,1.00782399941056,0.000855477536986841,0.0372955303144071
"Gbgt1",379.166053559275,3.19210104499947,0.512601509211065,2.10810053336324e-11,3.91014319838275e-08
"Barhl1",61.5735696505807,1.33142209815976,0.612435942433297,0.00085546456369349,0.0372955303144071
"Gm30761",426.975763435929,-0.644379741968686,0.279873712284452,0.0010114142945702,0.0420282807578733
"Ier5l",6131.69022064853,-0.601695445007068,0.251681270980992,0.000881351174199304,0.0382600170365711
"Ptges",325.119176971224,0.911896894751998,0.332433979462563,0.000252867490803177,0.0166427594027653
"Ass1",36376.4028459842,-1.03977191126555,0.402910453078735,0.000352787150464936,0.0209325594215234
"Sh2d3c",2717.64568197353,-0.628574316223342,0.175278645321511,2.14598397938424e-05,0.00262881366855318
"Garnl3",23646.9995705541,-1.54480682013662,0.261832326359859,1.70163121788947e-10,2.31455878257326e-07
"Angptl2",9695.77318295132,-1.14376547862719,0.268932182476069,9.78055072274889e-07,0.000262569179468744
"Olfml2a",36.858206590943,1.45579783945366,0.534751761070756,0.000228707929283765,0.015400422050088
"Cobll1",1239.03381586901,0.537254607205162,0.234219419835639,0.00129883813320931,0.049906204203144
"Galnt3",521.513824451423,1.07554005124298,0.256616748743511,1.3505426980229e-06,0.000324177913738366
"Dlx2",2154.12138123819,-0.83302680778158,0.257312538391624,5.77513031703077e-05,0.00542995317319718
"Sp9",914.696616697803,0.794310715537406,0.322669171322497,0.000583430985919772,0.0290335180627344
"Evx2",54.6501876295434,-2.98653572493948,0.499991142810266,1.04679490038134e-10,1.52555402517718e-07
"Hoxd13",12520.9154050133,-0.781783129269947,0.180040711404638,7.86736202456124e-07,0.000220636784577056
"Tfpi",309.205743168422,3.23311411803272,0.560524586280043,3.43830592956899e-10,4.38448474256225e-07
"Chrm4",8107.94520810424,-1.08896145774073,0.235984121755352,1.91887800753812e-07,7.26503582379567e-05
"Gm39876",278.309598700752,-1.40823786422348,0.280607590270335,2.36849403715687e-08,1.55642970797026e-05
"Trp53i11",91.3476383929805,-2.3294503603185,0.489090817106369,8.38129778985459e-08,3.80008041792007e-05
"Gm13889",4388.8009709287,-0.623151361326018,0.231317437011233,0.000384301240554608,0.0220235244015704
"BB218582",132.808548880625,0.873272455474521,0.386701752616927,0.000889834642140625,0.0385038029075291
"Sema6d",7703.68946545257,0.964842416948677,0.275192356737121,2.43240362948773e-05,0.00288536809607198
"4930583P06Rik",7.21351168604087,4.19161133924545,1.782645649623,0.000758296108574078,0.0345346328197252
"Platr3",185.045620631169,2.76355662374759,0.457585926827182,6.97891007484052e-11,1.09531309428439e-07
"Snord17",136.632051547963,-1.06844623843021,0.298496843282976,1.55273592310359e-05,0.00204390135736016
"Syndig1",206.970517492088,1.23752952272625,0.49722181834125,0.000431176635013322,0.0235079187995773
"Mroh8",340.942689201907,-3.56358280213543,0.299516026599472,6.42013830544011e-34,4.36633606152982e-30
"Gm14204",183.171934826236,2.7929215436671,0.589768811128587,9.56425627895825e-08,4.15190469914011e-05
"Mafb",225.654324892406,1.64573331210433,0.465912614352056,1.63928041717285e-05,0.00213033365296673
"Cyp24a1",2678.26763772791,-0.916429870626591,0.260750712746723,2.0839836033698e-05,0.00259265350363134
"Gm52538",36.3129748077816,-1.34876978245373,0.639534526545461,0.00100036962085626,0.0417624540549184
"Gm36462",18.7799717980226,1.69939118620336,0.808062080600562,0.00102352271192144,0.0421877452350164
"Gm36417",97.2354581806562,2.04398197871903,0.509127180422039,2.5140428932572e-06,0.000502882521089478
"Nkain4",85.079293422791,1.74945251525479,0.516154693264764,2.76699104538313e-05,0.00322599533136868
"Pkia",1014.65913532085,1.37164867150264,0.39838911395344,2.23744325265428e-05,0.00268532674611207
"Gm52609",11.1293186248739,2.75215679373301,1.12277818554667,0.000604349878880065,0.0300013396077615
"Gucy1a1",441.104445457686,0.846234620346184,0.328653677497711,0.000416558666134948,0.0232850588086338
"Pear1",983.701829822828,0.986926656527865,0.279313651732028,1.91826791161333e-05,0.00242326416121512
"Bglap2",47.5800198523712,2.42605879585286,0.829488532562406,0.000115016017676034,0.00942387043177514
"Selenbp1",1156.86217653591,-0.562922261923333,0.238615717088258,0.0010213525915316,0.0421835160425492
"Hjv",137.183481812396,-1.28634765752179,0.462316040285759,0.000190250764095469,0.013518542708594
"Syt6",74.2645950419614,1.49464056765949,0.653228999748785,0.000642697681434211,0.0312958491510793
"Inka2",425.287275547857,1.10887773690673,0.234236916877018,1.10286056802202e-07,4.59217636109252e-05
"Sort1",15974.4383730789,-0.49540254861138,0.208334059238784,0.00115752603864842,0.0462762313874221
"Bcar3",544.565640726623,0.621129742151223,0.258048783125231,0.000836312758378508,0.0368537563913536
"Manba",2625.79473617686,-0.64679741874098,0.19120601839023,4.34229735837944e-05,0.00447454005065736
"Clca3a2",28.6714148066663,1.92747702227786,0.662953152622949,0.00012829903653276,0.0101460668309221
"Clca2",272.854008455143,1.6295420715234,0.409232099536299,2.81959220058334e-06,0.000558525627849533
"Gm36726",44.6201470713496,2.76478448832914,0.674317976813922,1.82443668487507e-06,0.00040460849653811
"Ptgfr",2789.94421680926,-0.867010173410539,0.244846906634148,1.92407388186467e-05,0.00242326416121512
"Gm24494",175.668044263549,-0.880073974120137,0.339938234650369,0.000385864862303433,0.0220235244015704
"Necab1",30.1790086356695,2.92462151477237,1.18242239825267,0.000324554064881733,0.0197079660291131
"Epha7",56.7249672480943,1.42062204711564,0.710800504667828,0.00116886818356877,0.0464881433710598
"Cnr1",2860.60520773898,1.274498205896,0.408279388171236,7.37975551990122e-05,0.00670008058164875
"Mexis",438.88402374122,1.04157931704189,0.241615155750941,8.12646726765938e-07,0.000224059880624398
"Klf4",440.159880441273,1.78089172258353,0.491172182620713,1.11041388623716e-05,0.00161514586320591
"Gm25053",140.630325494765,-1.08387754243088,0.386040348925862,0.000191569734219552,0.013518542708594
"LOC108168693",39.1220563568083,1.83114350924991,0.508421290977829,1.29127166243847e-05,0.00175638771524881
"Pde4b",2613.01842708685,0.572983406306608,0.192702419641233,0.000192147105106713,0.013518542708594
"Dmrtb1",37.2543533630815,2.53906930213021,0.786986832850285,4.43722109772058e-05,0.00454937799280367
"Slc1a7",90.5689852648337,1.44683282155662,0.447111384821501,4.89107973721454e-05,0.00481533225631874
"Gm52705",172.777882478551,1.53310031128459,0.313102296504463,4.6920256127763e-08,2.39328496443687e-05
"Kcnq4",229.122897448721,-1.65768166874195,0.37749001122423,4.89101228362176e-07,0.000155923943160523
"1700003M07Rik",124.553956420207,0.99716271501117,0.367751302590329,0.000266155048986128,0.0172941447912865
"Hcrtr1",139.925125958183,1.64404055831386,0.434724004704762,6.3380466944804e-06,0.00106441022328959
"Tinagl1",2645.39628056071,1.0160094863144,0.363942447530205,0.000205108748178861,0.0141379519901801
"Rnu11",57.781302287446,-2.36134941251915,0.494529451458248,8.2720686238928e-08,3.80008041792007e-05
"Rps6ka1",18181.4515251387,-0.584855590316602,0.194107856447054,0.000161526227087231,0.0119840713136756
"Lin28a",4032.07528796244,-0.689740417053455,0.257634982978734,0.000367162110701436,0.0215005071779824
"Ubxn10",166.199956461394,-0.913342198506125,0.277214133988045,4.56528199681365e-05,0.00458844574290586
"Pla2g5",1701.49206343772,-1.66295957336726,0.295811333669977,8.66369606818851e-10,8.46649957266671e-07
"Padi2",1711.70826890735,-0.835126917820071,0.357948083965087,0.00074507748093116,0.0342383239717082
"Mfap2",3413.75480112155,1.33674625346172,0.236837577703339,8.71423276116262e-10,8.46649957266671e-07
"Hspb7",86.8903061475684,2.03581813529994,0.406074507149147,2.63202084680077e-08,1.61416722643944e-05
"Fblim1",126.972223818325,0.804623114418654,0.311495807238761,0.000431728022643506,0.0235079187995773
"Gm13040",14.5232094191413,-0.058398158533178,0.173203589719643,5.09083855221775e-06,0.000932430123779094
"Gm13057",13.6380247814671,-0.0613284660567104,0.174988209629568,5.21355073285959e-06,0.000932430123779094
"Dhrs3",387.552570431915,1.47167465015239,0.485197267878648,8.75566583050065e-05,0.00770007973878037
"Zfp980",78.5731730829761,2.18622572103331,0.991856027304225,0.000666303446405814,0.0319121812606052
"Slc25a33",31107.6971463182,-0.804654267975002,0.272414473102118,0.000143340692950064,0.0109946622490983
"Gpr157",206.403500130079,0.825276804069884,0.385962509300102,0.00118571032116053,0.0468838133384465
"Vwa1",293.875209599835,-0.807023476871479,0.335066888271585,0.000645341508366457,0.0313497685600019
"Abcb1a",2870.97292397024,0.894665205195685,0.218926103304248,2.30060830475838e-06,0.000469393112419852
"Speer4c",11.8033582504612,3.25735338019385,1.38464135381354,0.000733150400393662,0.0338426869213391
"Sema3c",3127.31461289977,1.049041111501,0.27335379381396,5.96788973917423e-06,0.0010146904529031
"Gm9899",456.555513579021,1.10779440604083,0.270073353180244,1.92878785439526e-06,0.000418649559502409
"Fgfr3",509.434779059058,0.740324404430385,0.304664617092726,0.000668046147020986,0.0319207155448927
"Zfyve28",2167.18562061073,-0.686005551538332,0.235561675841903,0.000197590665380839,0.0138537537655164
"Sh3tc1",406.283763426244,1.1017474833823,0.308407327651728,1.59041717109259e-05,0.00208008215011552
"Cpeb2",2837.31087243917,0.60268391045973,0.267224769777902,0.00123308950236938,0.04828929964845
"Nwd2",239.514393629526,-0.685287252282629,0.301106489665096,0.00101352025831277,0.0420301907121044
"Limch1",13365.3404180407,-0.493325181934981,0.176926731572255,0.000352928512522867,0.0209325594215234
"Phox2b",11687.725970602,-0.61077281567643,0.196475468097818,0.000115006127552979,0.00942387043177514
"Rasl11b",1479.86666711213,-0.556010885564911,0.229382303059832,0.000895102140380443,0.0385038029075291
"Gm32304",14.7601466513713,2.39876359598621,1.24180808187725,0.00124886703631316,0.0486271643929342
"Kdr",1427.63355843061,1.70249391948353,0.515114380043463,3.52073406857916e-05,0.00390399658702286
"Spink2",20.9010990675385,-1.77003693153389,0.717958566488528,0.000429604479031181,0.0235079187995773
"Slc4a4",2752.40999714455,-0.993055358133238,0.253530318941544,4.26150316470001e-06,0.000805068972864577
"Pf4",110.665636975926,2.50810939717042,0.601229687137583,1.16008659497154e-06,0.000292212923422277
"LOC105246914",75.7894479191774,1.68445094140078,0.654878001922585,0.000312005435208087,0.0192456278932898
"Sparcl1",2437.94771975102,-0.675377261239377,0.209596833901221,7.21816617932132e-05,0.00666505135251286
"Fgfrl1",2799.1530164731,0.577994048065641,0.244117355627402,0.000986144129563118,0.0414556474620278
"Cryba4",21.2488922606029,2.19518465248608,0.912184482676766,0.00046657346487356,0.0247903604266022
"Foxn4",188.302311917584,1.52612969434494,0.494555695843718,7.42154688748036e-05,0.00670008058164875
"Sdsl",2988.45180049074,1.15536323571685,0.291356989120999,3.37691359875842e-06,0.000649992152410075
"Oas1g",1184.19452240965,-1.02057468411587,0.33067801034072,8.187037373918e-05,0.00729432853886677
"Oas1a",2413.24538719564,-1.28959369857464,0.35762770065098,1.23266201370335e-05,0.00171388543404833
"Eln",3692.64731242165,1.38068250694281,0.372397085759838,9.52922601619242e-06,0.00144032957214199
"Pcolce",1975.05905257175,1.65634343477483,0.349327398301353,9.92482080496103e-08,4.21866914340875e-05
"Zfp157",2086.22022246565,0.760007408068267,0.258072726778929,0.000156957077993891,0.0117303855762247
"Gpr146",905.115896618186,2.1868066718647,0.444586267281168,4.08551235899956e-08,2.19359759633337e-05
"D5Ertd605e",119.475300845529,1.10031988629709,0.336542361166107,4.55850181596015e-05,0.00458844574290586
"Chrm2",71.3938778329794,-1.27224285616942,0.396598376534107,5.36749172243631e-05,0.00509362481920316
"Ptn",3638.05989970195,1.09204259824258,0.406293959515173,0.000289390950428812,0.0182235912395033
"Rny1",88.200387776456,-1.39797049988852,0.491620640416162,0.000158416915815734,0.0117962785890089
"Gimap8",227.212458587187,1.94217349377228,0.607815402944844,4.90902861988089e-05,0.00481533225631874
"Mturn",413.241908693641,0.58028355750943,0.247956773262378,0.00105563528200909,0.0430762533176629
"Aqp1",299.166161365494,1.39749197437208,0.582750802835558,0.000515752389310777,0.0267759737776282
"Tmem150a",847.631558433663,-0.547612722599473,0.22273324134841,0.000859049622264493,0.0373714060619668
"1700003E16Rik",232.436972352975,-0.753221697595359,0.316295992005346,0.000735851340411321,0.0338906882582668
"Gm10445",23.1886662168428,2.19208069186569,0.693724157411512,6.01305473560053e-05,0.00562772274176411
"Prokr1",544.555382865464,0.956376974412517,0.419304750255476,0.000790950105471603,0.0354675934108508
"Prickle2",2709.61058440701,0.788975265529094,0.312228909847646,0.0004992892497238,0.0261876569720172
"Adamts9",1613.89374430384,0.837658923143272,0.284842604690756,0.00015613423950496,0.01171179003169
"Tafa4",116.412511991758,-1.37511022932382,0.319515954780411,7.51007887269734e-07,0.00021889734177092
"Gm43868",144.933811643701,-1.24937301918662,0.34453855926129,1.23404312410921e-05,0.00171388543404833
"Plxnd1",20126.8976239743,0.526235335125758,0.208596821367112,0.000763288919592094,0.0345726423291834
"Tuba8",1809.31431734487,1.55234303734122,0.383417481321914,2.09593662167061e-06,0.000440859741154077
"Gnb3",641.532595700046,1.79561864662029,0.439449899007706,1.82305211516958e-06,0.00040460849653811
"Dyrk4",236.136575529124,0.903868883710877,0.354471571199051,0.00043206732097444,0.0235079187995773
"Lmo3",185.495020604117,1.38287941132523,0.341716281840929,2.27056985862425e-06,0.000469393112419852
"Abcc9",75.0066854498814,1.51933232611407,0.421034145234226,1.27933868776224e-05,0.0017518353856653
"Lrmp",1881.11098287591,-0.562642998328892,0.196949031697056,0.000273602201059619,0.017609797186812
"Bhlhe41",316.059942105161,0.925198678172613,0.300063940963451,9.12044949975975e-05,0.00787483944256855
"Far2",229.160814661036,3.27543685163828,0.409621965618384,7.72887581022259e-17,3.15384506311943e-13
"Myadm",3895.58240527607,0.592659928046503,0.258151541708359,0.00111127903891477,0.0448944428340377
"Zim1",160.373612281684,1.86546040513819,0.71413676062896,0.00027039189767196,0.0174582464816487
"Peg3",26564.5035946311,1.30798073839745,0.373126104140591,2.22188775101736e-05,0.0026824364369235
"Usp29",877.700306124062,0.925110640097626,0.3566235610075,0.000376474989456825,0.0216680683436604
"Zfp551",223.60269135589,1.20811479866271,0.393489095050859,8.34815044881909e-05,0.00737370887644974
"Ceacam15",31.1250619382417,3.87228270625541,1.07517595253315,1.11618667211701e-05,0.00161514586320591
"Ccdc8",2466.80728615964,0.983612710047245,0.355194377752311,0.000220019749336325,0.0149138303844154
"Ppm1n",108.5154788774,1.05897885824844,0.403351407567309,0.000320993453992012,0.0196084713826318
"Ceacam2",170.896697576212,1.00548602194114,0.43882752313537,0.000753790605967827,0.0344833850528287
"Axl",88.5634367843696,0.782114411411796,0.362838861820153,0.00121802177901096,0.0477909583791549
"Zfp607b",532.56074145466,0.727925777645498,0.288297145055693,0.000534745031259758,0.0275113174964082
"Rgs9bp",535.758513342607,1.4726147643711,0.40683857686969,1.19544688609744e-05,0.00170564355363959
"Shank1",2319.19589919111,0.924338578753654,0.339795390102454,0.000268536331228845,0.0173934817970226
"Mybpc2",136.332233769939,1.36086675372369,0.511420131147821,0.00026441219751231,0.0172357893477433
"Kash5",115.928267196844,1.3123374487175,0.521473415507516,0.000392034798412204,0.0222185722000116
"Ntf5",76.9103946880906,-0.887665699260652,0.38820979519628,0.00079623000012495,0.0356260541503275
"Dhdh",151.907089101635,1.42633974443289,0.565949360156192,0.000375018640084932,0.0216680683436604
"Ntn5",43.2499413413308,1.4871503669955,0.607490927354205,0.000442508982905641,0.0238849491487402
"Kcnj14",341.092067537962,0.643269615953348,0.268140940784666,0.000823565255973942,0.0365286998209486
"Tph1",1383.83907172408,1.02468660991164,0.381584426168201,0.000280040682044024,0.0179111913346214
"Pex11a",20.2842625203083,1.96210020536439,0.769470506925614,0.000377011432730453,0.0216680683436604
"Tm6sf1",1365.11135433221,0.903113568507579,0.196560617815938,2.37501922615518e-07,8.50131881951651e-05
"Gm36584",13.0901600293543,2.4243931931157,1.06740419516366,0.000714193127679838,0.0332686812421272
"Tmc3",150.348478520695,0.972075900063114,0.379901934490626,0.000402557081806516,0.0226888733151888
"Cemip",198.811802016774,1.05975409565562,0.460376550491499,0.000717488070341817,0.0333259345737864
"Arnt2",3669.76693514392,0.662836290378492,0.192701265171947,3.51601645209743e-05,0.00390399658702286
"Fam181b",1708.28790495491,1.38498599083774,0.243536626022061,6.3076938042454e-10,7.08804355869404e-07
"Gm33770",221.385772063254,-1.54737976253908,0.289083698273101,4.08887916009528e-09,2.97947862512229e-06
"Wnt11",3574.03051836867,-1.20800942205643,0.225651910283674,4.25654156573143e-09,2.99469715743512e-06
"Serpinh1",47102.1533326041,0.673224477933639,0.170630399487418,5.09916690453518e-06,0.000932430123779094
"Slco2b1",289.017556658572,1.18128925166199,0.356235667822534,3.83427797525945e-05,0.00411740913311677
"Ppfibp2",34832.4711863917,-0.818771407820527,0.27748357735917,0.000187880159101784,0.0134976017118088
"Mrvi1",7714.88745348554,0.864838688289308,0.249043542417921,2.70809533683973e-05,0.00317547523893914
"Abca14",38.1398869322247,2.25151331684371,0.688520712155631,3.81807752197992e-05,0.00411740913311677
"Abca15",27.5015044664548,1.943481138219,0.794008908958665,0.000422116723469205,0.0234688267030757
"Prkcb",216.784686404075,1.13914507730668,0.468163611957519,0.00050340774108621,0.0262686141723324
"Plpp4",918.168504404171,1.40840949046191,0.525544758122477,0.000252538725493633,0.0166427594027653
"Hmx3",2892.12983801266,1.04203603567571,0.467199754645839,0.000989270769190293,0.0414556474620278
"Foxi2",30.0997488857839,2.92228535033347,1.01680282279807,0.000119485042939573,0.00957519473918927
"Gm36356",72.9986449961681,1.63325183447798,0.551427516421376,0.00010358828123903,0.00869757902106967
"Jakmip3",1194.34106317748,0.858410496031918,0.276328418948253,8.9091436381408e-05,0.0077643811314299
"Cdhr5",1462.6675298218,1.15088254663505,0.386470235921976,0.000117150146250268,0.00947173489023986
"Ifitm10",1177.67611627663,0.95075152331174,0.463377530700595,0.00129240117697003,0.0497525683277728
"Syt8",9.46744522785042,3.4677810215023,1.66154653338239,0.00128638276847672,0.0497525683277728
"Prr33",76.8441399710341,3.33493761795447,0.842663605166474,2.99027959988993e-06,0.000586641102659175
"Th",5317.01645038341,1.21469294083917,0.454184166932944,0.000284724717435607,0.0180411130740332
"Slc22a18",33.7798022748204,1.97587310300091,0.696287515263129,0.000149572444560329,0.0113447084994959
"Fgf15",89.2363423251106,-1.32590722727479,0.609577814910003,0.000851670406318198,0.0372889083693352
"Col4a2",97.5699518299402,2.62061648579913,0.718481210826902,9.57026811414013e-06,0.00144032957214199
"Gas6",266.748645578891,1.14898780786822,0.395755410732279,0.000144083888288332,0.0110102755533589
"LOC115485642",50.3493880969806,-1.51716044029321,0.493666789945086,7.6511105036482e-05,0.00687689901347728
"Gm24727",257.237622305426,-1.11791578385444,0.26574786244856,1.21227841906184e-06,0.000298001404627937
"Rbpms",153.13041425452,0.779396225602638,0.359214623774766,0.00116482791370665,0.0464179373503061
"Trmt9b",60.6525954461343,1.42973533459576,0.583207768299189,0.000450098880157329,0.0241033266452755
"Dlc1",1459.75945054273,1.59990327000715,0.417934823788238,5.25557340756731e-06,0.000932430123779094
"Pdlim3",2619.07053455467,0.656263167032475,0.245025938036305,0.000387767308211622,0.0220379286613976
"Neil3",506.082203254128,1.19022572090059,0.308762623596447,5.23578589643356e-06,0.000932430123779094
"Calr3",314.636862212985,1.01318212469367,0.385221161491674,0.000327223190243842,0.0198070760938174
"Lyl1",519.915706830852,0.631779133015497,0.251629897350409,0.000636504575293025,0.031142932493294
"Adcy7",156.790024248822,2.38398665484134,0.419534287937203,5.89085093823565e-10,7.07006068781305e-07
"Cbfb",34218.5921091823,-0.727929784730607,0.216572269962936,4.28277434312284e-05,0.0044356063412556
"Necab2",82.0056375331989,1.34073209197484,0.465781784931759,0.000148136187563305,0.0112776963987094
"Gm39269",115.750281578625,1.32777373583484,0.457358579224469,0.000138621223647411,0.0108363556554717
"Zfpm1",36367.1512147769,0.972072428747319,0.195282080749741,3.49838127815933e-08,1.9827075893968e-05
"Cbfa2t3",1407.37536619225,1.39846226337492,0.377769794373482,9.26826933159152e-06,0.0014218082644546
"Kbtbd3",346.002235051628,0.9464674308176,0.314670030916337,0.000114164609722251,0.00942387043177514
"Msantd4",4309.38459514557,0.489084689194176,0.206772705812212,0.00125188308696964,0.04865175356846
"Birc2",3647.18315690451,0.685797901415118,0.258786387282554,0.00041062287794499,0.0230797206025114
"Cep126",296.71447081897,3.24831223488616,1.03485447960859,4.90823027893974e-05,0.00481533225631874
"Kdm4d",125.456993598201,0.811851800360452,0.351501286233759,0.000839214316456055,0.0369019174539933
"Zfp846",678.179968521354,0.770699246553081,0.275909763665507,0.000246936882150162,0.0163579649562005
"S1pr2",2356.8458400121,-0.553106294975043,0.201503433821715,0.000386434432963888,0.0220235244015704
"Yipf2",819.01641534762,0.666034357435283,0.28568367332164,0.000942267472847347,0.039886064830922
"Kank2",1123.85805252856,0.655781071841639,0.242800806737306,0.000368672459842777,0.0215005071779824
"Bmper",217.404173278451,0.986584043921261,0.445264829751661,0.000893774737348629,0.0385038029075291
"Igsf9b",3282.81477158728,0.833719469647495,0.270516058255842,0.000100689593227558,0.00848913128356145
"Gm33561",16.7237942026198,1.96108968307457,0.942216845264212,0.00100092339522889,0.0417624540549184
"Stt3a",41961.9538709161,0.48322450735605,0.186190321123778,0.000728930923524764,0.0337242123189926
"Esam",431.095243473517,0.84130664489911,0.230857478950004,1.38944467629892e-05,0.0018650552454294
"Gm46107",39.3465942469887,1.99141634550577,0.663804239289715,9.14736532808286e-05,0.00787483944256855
"Ubash3b",2807.73258996747,0.854702515147552,0.187200422621187,2.79203315904428e-07,9.8216987144794e-05
"Gm51670",11.8177795698441,2.77102279204106,1.12491159862549,0.000526633510539549,0.0272713287196407
"Sorl1",436.458186922293,-1.24583684347599,0.231526030520997,3.68319911950974e-09,2.89031967828297e-06
"Usp2",907.125329169091,0.621475153910271,0.261903838830678,0.00090576865189481,0.0385812062726719
"Nlrx1",2620.83394023449,0.657810316391384,0.197278121210775,5.13251189909055e-05,0.00491636808812885
"Tmem25",546.645735478072,0.604936931318148,0.249783576307058,0.000833178183730522,0.0368537563913536
"4930448E22Rik",658.290661970908,0.857993021106259,0.236911017157749,1.49218334942403e-05,0.00197694914794146
"Rexo2",32210.3759498938,-0.88141794943484,0.29996722532779,0.000135263860614642,0.0106555542398476
"Sik2",4458.83015601922,0.595594205746643,0.223461793786939,0.000435482262030533,0.0235680227910052
"Sh2d7",127.172821867335,1.85332284927556,0.430508120805028,7.25319643853996e-07,0.000214473865123958
"Chrna5",485.255153428571,1.98201025659104,0.537599051203717,8.99246148866891e-06,0.00138994842237357
"Chrna3",9244.92440184515,2.55294267651718,0.463711402302445,1.60911251794066e-09,1.42742272624101e-06
"Chrnb4",726.560015273415,1.86690557892247,0.410429621615902,2.34317284074783e-07,8.50131881951651e-05
"Peak1os",336.393952752766,-0.958334184842081,0.252481255766096,7.23189788411455e-06,0.00117105089309198
"Ppcdc",3334.66296643628,0.660550663228944,0.239778450404001,0.000294354875720621,0.0183661239428985
"Gm32510",690.71594481106,0.741306727600029,0.324188033800955,0.000950508677280584,0.0401516118893494
"1600029O15Rik",121.772640284336,1.00185353055383,0.359105751220107,0.00021358131155055,0.014574444297499
"Gm39345",160.556470054086,1.36953759008563,0.454090153559225,9.7257768502587e-05,0.0082581884197167
"Thsd4",431.979424803361,-0.794917499100144,0.255193728641987,8.83927296200801e-05,0.0077402440448004
"Itga11",1090.46309921613,0.998643717690008,0.228536094204941,6.32877721113039e-07,0.000192725434983124
"Gm35941",308.609894390901,0.93026807761639,0.302534839961641,9.46172228567353e-05,0.00807730208345594
"Zwilch",7253.02330551662,0.538271150709808,0.219099456761337,0.00089705330935836,0.0385038029075291
"Snapc5",495.509317405837,0.671189230448403,0.268051591538278,0.000608169839273022,0.0301176923074938
"Gm16551",126.632525458918,-1.18811143229215,0.325366264952223,1.14266860627196e-05,0.00164182166012442
"Pls1",20.109614310711,2.62778949957799,0.863548158393333,8.04291834905863e-05,0.00719735364367734
"Gm33054",28.1284373336553,-2.04237885115633,0.774986772885084,0.000257038483535294,0.0168628816063363
"Mapkapk3",1645.98677819413,-1.09711738704785,0.250078732166409,5.40161994493477e-07,0.000169552694979237
"Sema3b",60.3594702968847,0.952435463185092,0.454666171452991,0.00121087867273676,0.0476941265634135
"Slc38a3",2699.77684730113,1.0025846845591,0.325844589007177,8.94294743854349e-05,0.0077643811314299
"Iho1",332.605209864517,0.765390203729753,0.32341610212834,0.000765908657197025,0.0345726423291834
"Als2cl",1289.71747091382,0.771473809743135,0.215298994668523,1.87816742818761e-05,0.00241007861869886
"Myrip",56653.4739055182,-0.632907067856754,0.226732437461144,0.0003135054107884,0.0192664183623967
"Rab32",119.558640389911,1.41404281400359,0.422782773446406,3.22163521627918e-05,0.00365383244773465
"Grm1",28.3352357378665,3.3998738382826,0.8225869624871,1.77284202029593e-06,0.00040460849653811
"Map3k5",14857.6792323061,-0.663389748492904,0.245890268846343,0.000360725479762538,0.021271335154899
"Map7",211.873449335813,1.03889653982215,0.367563915923852,0.000189326803137147,0.013518542708594
"Hey2",55.8656287181923,1.8366308528078,0.664740596522641,0.000191915803195222,0.013518542708594
"Hddc2",3389.1485133477,0.469219193774847,0.186042223545221,0.000896528204507108,0.0385038029075291
"Calhm5",197.113089900437,1.34219577925235,0.34077945714723,3.60090757104081e-06,0.00068662913244809
"Tspyl4",32774.4848762889,0.578881525674283,0.216417270671959,0.000426208709034315,0.0235079187995773
"Gm31562",321.628394158868,1.86657737692052,0.524174712469245,1.4467099652923e-05,0.00192923028901038
"Pdss2",5669.8462438438,-0.548206621849338,0.215471698318991,0.000682839656705565,0.0323181323296225
"Gm5424",4264.3967273068,-1.13680147702713,0.391872916032647,0.000139537700854173,0.0108663653073576
"Stox1",380.388637670677,1.07915241027158,0.25571552796165,1.20157440066922e-06,0.000298001404627937
"Slc16a9",964.448853120015,0.923281692205777,0.238276972304619,5.38796472447428e-06,0.000939578156183322
"Susd2",182.791110941389,1.15859372018429,0.376093059854351,8.34841322579959e-05,0.00737370887644974
"Col6a1",383.280841736322,1.40753335495928,0.385855851357204,1.10207277847886e-05,0.00161514586320591
"Col18a1",32550.817075183,1.32665425592608,0.266023683499591,2.95700942863199e-08,1.7237675249251e-05
"2810425M01Rik",92.5210242162625,-1.76462735346761,0.435171955011472,2.04600247111446e-06,0.000434839462689045
"Gm40709",31.0638683475547,-1.67451347839566,0.572016800519129,0.000121965665052216,0.00972056821898577
"Atp8b3",116.155766562602,0.735498298007329,0.325104129609659,0.00100959923514854,0.0420282807578733
"Gm26710",70.9010199144864,1.19420894212384,0.419887541665945,0.000171688046468759,0.0126005439284248
"Gadd45b",1621.32227887865,0.572803511756418,0.202223944160476,0.00029327152356617,0.0183546591880999
"Tle2",874.444423308934,0.721113135460581,0.217596324080741,5.07456557173702e-05,0.00491636808812885
"Gm46195",273.655078547024,0.715598439926403,0.295045092215466,0.000693104306273934,0.0325838874675278
"Glt8d2",1176.57045915787,1.30630300215408,0.315230242427735,1.5447215705192e-06,0.000362263841417278
"Rfx4",139.460336317505,1.25787511629391,0.334461699564391,7.40876970634642e-06,0.00119024510487076
"Cfap54",130.246308529866,1.6147078200813,0.399736123214604,2.29370459318556e-06,0.000469393112419852
"Gm32604",225.189893587174,0.919586296161784,0.411833242505544,0.00090436299606755,0.0385812062726719
"Socs2",1237.2623585766,2.35468719905996,0.495772422995471,9.10242245706287e-08,4.03732011720551e-05
"Galnt4",234.224014783081,1.18992958780288,0.565173582285558,0.00102654709854099,0.0422270976845401
"1700017N19Rik",86.2771481989452,2.27196359298362,0.715985995221995,5.12589220837927e-05,0.00491636808812885
"Gm25117",302.597289019565,-0.806053158679773,0.375436921537228,0.00115900378566743,0.0462762313874221
"Tph2",1656.39758648354,0.681381201765905,0.251110410848959,0.000343502228759404,0.0204926198051992
"Srgap1",40.6975084374686,2.81579428746853,0.664646520417565,1.02831380790424e-06,0.000265881423934384
"Inhbe",117.17711136543,1.01861227107103,0.366126631067528,0.000219904756769994,0.0149138303844154
"Gm16217",39.0331559176443,1.68593727748252,0.638234311149356,0.000283576037975914,0.0180384306837141
"LOC118567859",1600.9857730806,-0.67941031462259,0.240467234488793,0.000246098061568458,0.0163555008149227
"Sec14l4",91.4428510738038,1.02934033318982,0.424080609910447,0.000545959123098035,0.027848009971423
"Osm",10.4874230919597,6.94050657121196,2.76882107134908,8.14627535101462e-06,0.00126876683959352
"Lif",1479.157916096,0.620852340213749,0.199873024051648,0.000112159295342504,0.00930685784500451
"Gm11958",83.9237707234763,1.03509429477975,0.411520618277452,0.000433975222127268,0.023548926747507
"Hormad2",18.9574720028124,2.14479045541245,0.751461368094356,0.000153178391588537,0.0115408415941309
"Aebp1",1086.10071505234,1.02406680885512,0.448939045105968,0.000780496066276473,0.0350759058155041
"Camk2b",1128.93482424995,0.829137538391889,0.324397984643785,0.000446574522208536,0.0239775262542651
"Ddc",265.367071050901,1.18392520290682,0.340226739875541,2.15170260573632e-05,0.00262881366855318
"1700042O10Rik",192.042982013569,1.28349837746415,0.349653231694432,1.04043146846777e-05,0.0015494834489889
"Grb10",165.68383928026,0.978928518312282,0.421090120123822,0.000700178124083815,0.032765445563491
"Insyn2b",286.826007308252,0.944970327885153,0.442472559076482,0.00108800198859761,0.0442201286321855
"Ccnjl",6222.73164116998,1.01537719865186,0.214613271399407,1.15785685832313e-07,4.72475069607335e-05
"Fabp6",69.7752473698209,1.36261679175337,0.469000193543066,0.000141915541895546,0.0109311089255088
"LOC115485831",315.612689521467,-1.52998299163741,0.305108647057805,2.44109938024057e-08,1.55642970797026e-05
"Tcf7",1069.39799436787,0.543492837596113,0.210154429892618,0.000624287272040491,0.0307941750934712
"Gpx3",31.7388184990473,-1.33215664800169,0.562135653855701,0.000570589754657095,0.0286037905755988
"Gm12238",126.448922613178,-1.0163841852856,0.433831916238066,0.000656638355038109,0.0316723223589658
"Myo15",457.907756777474,1.18365539811025,0.37106278147852,5.76067673557123e-05,0.00542995317319718
"Pirt",8239.23524129666,0.856216874207992,0.283606792062497,0.000119672335367018,0.00957519473918927
"9130213A22Rik",76.9066512406281,-1.55308932708859,0.406181376536436,5.34200373971558e-06,0.000939578156183322
"Hes7",475.112360491162,-1.05497402944971,0.257538897285467,2.00228527502778e-06,0.000430027647014651
"Cxcl16",550.352906804069,0.994934574627767,0.354431636341911,0.000202804764217756,0.0140742367494383
"Gp1ba",28.8529797260831,1.62205386705837,0.65518797946005,0.000424269398850278,0.0235079187995773
"6330403K07Rik",158.351893269091,1.27783401194656,0.412099050721775,7.40987113745293e-05,0.00670008058164875
"Pitpnm3",51.2568997211394,1.40846154372634,0.537096860045026,0.0003013437021358,0.0187448644959656
"Serpinf1",794.404201266252,1.23300621965485,0.42142509949311,0.000127166707337791,0.0100956510887664
"Slc43a2",2480.15953013624,0.544335533158211,0.201566209524606,0.000453528363802008,0.024223401064535
"Pipox",87.7737978813571,1.72047135409064,0.40855345659882,1.13099806653554e-06,0.000288446919394058
"Gm23444",82.1652100887398,-1.44766413289454,0.71640713887557,0.00111559488883287,0.0448944428340377
"LOC115487798",116.203760152644,-1.35399637955125,0.503248843598673,0.00024439827540405,0.0163395931369419
"Snord3b1",112.787054377876,-1.41290775148255,0.504840675506905,0.000178567856238159,0.0129655514976055
"Snord3b3",143.680560770989,-1.49076669633481,0.497292897205011,9.75456260918358e-05,0.0082581884197167
"Snord3b4",144.442701529953,-1.56202038167071,0.478442531947482,4.10832956715123e-05,0.00429373337663563
"Snord3b2",115.718438297521,-1.59050300409511,0.497957034702666,5.18295156415122e-05,0.00494148414782138
"Mmd",22771.7581634215,-0.662701049693968,0.26574714270566,0.00056751243333011,0.028521049688026
"LOC115487886",235.561857764485,-1.9309746668687,0.259608442134758,4.98749434690519e-15,1.69599745266511e-11
"Jup",4017.83162352144,0.92795380323045,0.381508273235205,0.000564678563243311,0.0285176651630032
"Plcd3",20096.6766004193,-0.577985100479963,0.22250035540002,0.000532046581341257,0.027481889617989
"Kcnh6",408.795772121465,1.38267745390434,0.415149592777039,3.28762484893743e-05,0.00370593424270002
"Gm22711",204.201670820013,-0.723848252080518,0.323454703029254,0.00105127384438729,0.0430705627450479
"Pecam1",1263.18552038794,0.519222080225507,0.210529399891435,0.000900537768493209,0.0385192287013982
"Gm42094",103.25071154772,1.20046669325869,0.429736759771173,0.000199040803548985,0.0139076353246916
"Itgb4",284.945546751973,1.17817026671134,0.282086160392362,1.38405168648551e-06,0.000328358215806557
"Gm34502",238.037772193447,1.21766538443827,0.459837116540398,0.000283798277188267,0.0180384306837141
"Nptx1",4929.61972373268,-0.939953907113203,0.448252632092092,0.00114524585692584,0.0459969512182244
"A430102A20Rik",102.653873296686,-1.35209398037257,0.385772281580573,1.84781869561331e-05,0.00238614207889864
"5430401H09Rik",230.623884001924,2.04830390806075,0.641517039190077,4.90439234664081e-05,0.00481533225631874
"Hdac9",954.065943509949,1.79539394292156,0.330493816227095,2.56130124774206e-09,2.09032917430725e-06
"Egln3",12378.6415216158,-1.01161914199377,0.389310089927017,0.000286044170570584,0.0180686043719865
"Gm32219",1579.32107393952,0.608388751191686,0.187192359199791,7.38406037117517e-05,0.00670008058164875
"Mir5101",21.2550464417503,1.87816835651846,0.694811331747854,0.000245057859133667,0.0163395931369419
"Sptb",1852.82408339071,-0.570249881661256,0.191985591549727,0.000191544676799246,0.013518542708594
"Gm36660",58.3677532577674,2.39957817578105,0.737042650835097,4.1232656362166e-05,0.00429373337663563
"Gm30706",249.201471520546,1.57286891195467,0.342340463264852,1.96197319962464e-07,7.27820712580756e-05
"LOC118567976",125.874534481154,-1.07727391159895,0.418861958415559,0.000365214332645445,0.0214739712650288
"Irf2bpl",22763.8970179239,0.823183459774192,0.175684184700044,1.71360495259734e-07,6.72359266304682e-05
"Gm32934",131.352434364251,-1.15680678100939,0.365169755077453,6.21846373590318e-05,0.00579339340655857
"Ston2",301.182081470923,0.7914218685277,0.259968002678631,0.000115471627110905,0.00942387043177514
"Gm51958",39.9824813712207,-2.29859644335104,0.67006766957997,2.12777186574404e-05,0.00262881366855318
"Meg3",69.3988389701766,1.10064077488476,0.43005235188734,0.000375596991459585,0.0216680683436604
"Rian",1258.74248888575,0.87534553954683,0.239895416383281,1.32929723619635e-05,0.00179613586159696
"Kif26a",50419.3514621339,-0.681593300775094,0.2015542465767,3.91901576123524e-05,0.00416599731418892
"Gm29890",857.551119925899,0.76882373021447,0.233000603475759,5.0883102992632e-05,0.00491636808812885
"H2bc22",139.340405560487,-1.26838974360413,0.521249490705436,0.000479721534219457,0.0254227492537132
"H4c9",166.067827961814,-0.983835689211904,0.381163364995175,0.000373630438688736,0.0216680683436604
"Gm25394",148.08761069308,-1.24738324245291,0.517128615740865,0.000501738332151225,0.0262486338227729
"Tgfbi",366.591230102718,-6.40014033442528,0.482617218190534,5.05693954261859e-41,1.03176737488047e-36
"Aopep",8618.07674778818,-0.523758961023654,0.221065167154368,0.00109720287455797,0.0444171235111235
"Nlrp4f",1868.33109025836,0.99078828835645,0.229229855859765,7.89417501059897e-07,0.000220636784577056
"F2r",30061.5266268742,0.932451683600719,0.255104049706905,1.97745891827734e-05,0.00247522050979218
"Mccc2",7004.17228530868,-0.782922006785159,0.277137689442078,0.000213584220210371,0.014574444297499
"Serf1",9527.56281118013,-0.659307561054652,0.186332316439625,2.35603636296829e-05,0.00281112338676269
"Acox2",107.123124652468,1.78520731180012,0.612096297443224,0.000117450812489864,0.00947173489023986
"Gm41113",273.834095298672,-1.10018050936431,0.386915157627105,0.000168084531440067,0.012380609007118
"Zcchc24",739.255321187383,1.31363680499647,0.359856279916085,1.10059132345024e-05,0.00161514586320591
"Anxa11",10490.4932400959,-1.22507158266335,0.260939915126995,1.24677028079831e-07,4.98781451747608e-05
"Snord19",310.267998367406,-0.887235362171547,0.391422188727766,0.00083534766962188,0.0368537563913536
"Tnnc1",137.087251261248,1.01232833127278,0.321317829340372,7.21941062052317e-05,0.00666505135251286
"Sema3g",1512.86463115044,-0.468599593395874,0.191589430978911,0.00107198601737918,0.0436561491269208
"Slc18a3",650.331699339055,-1.22766232653128,0.414336573344609,0.000112213254417052,0.00930685784500451
"Mmrn2",85.5854864728898,1.05632374880432,0.404739790152559,0.000336394413067191,0.0201866329700291
"Gm5798",296.036739656871,1.58366470805533,0.569209188226155,0.000180329961326412,0.0130151007307927
"Gm2959",408.705934693149,1.26587573076303,0.574168011155291,0.000813504983861181,0.036240048440436
"Gm7152",395.001313725019,1.66453527241611,0.49899322014567,3.33702256492811e-05,0.00374094897759496
"Gm32857",1119.62835841236,0.690291305749676,0.252385314641021,0.000319603116827145,0.01958216934722
"Gm5930",1037.03513972333,1.47211224853766,0.372064918524825,3.05731459844177e-06,0.00059407990240007
"LOC115488342",295.843281222454,-0.945559775293536,0.373623357454589,0.000428999957365426,0.0235079187995773
"Pnp2",3773.39973887419,-0.551196935828181,0.216837995942489,0.000660523132461754,0.0317845600745688
"Tmem253",141.911660585303,-1.56792468287791,0.355469765010233,4.48678728580824e-07,0.000149975996963694
"Snord8",37.5835110029132,-1.29026403347408,0.576265498314744,0.000764439681589069,0.0345726423291834
"Nfatc4",1508.47105545161,0.894769743792765,0.294462155479563,0.000107416903724228,0.00898207822412058
"Spata13",342.413398561812,1.56629224544725,0.321257096305957,4.98545715622582e-08,2.48093371606037e-05
"Ctsb",165545.065306335,-0.466917165285957,0.193010214021026,0.00114833190030566,0.0460302863692268
"Kif13b",12389.7447068558,-0.566846358913807,0.224762764855294,0.000697247810414393,0.0327033266112296
"Scara5",265.771138335041,0.960052779943459,0.29441998645311,5.05573889715843e-05,0.00491636808812885
"Gulo",109.391765694511,-0.890091347317277,0.372045926565499,0.000640516195453288,0.0312642390809412
"Gm52127",19.2089949627926,2.28099932683485,0.827754480220442,0.000208531829017519,0.0143255047388702
"LOC115488529",126.490305986012,-1.21166524607368,0.324096869192784,8.12315808819814e-06,0.00126876683959352
"Fam83a",151.313336163859,0.828066180579476,0.390124640901507,0.00124126166938208,0.0484234452015344
"Gm22488",26.0205904651157,-1.54767288893967,0.685102567082797,0.000707881218240585,0.0330501155509443
"Adgrb1",2716.3885388008,-0.663238060297775,0.194809965581494,3.92183797961815e-05,0.00416599731418892
"Apol9a",748.453600771081,-0.625110946695965,0.275024234860484,0.00111441338628999,0.0448944428340377
"Sstr3",722.803760146712,0.921004429125277,0.238775075356774,5.68289587900901e-06,0.000982611225588312
"Pdgfb",342.443611033128,0.605484178605386,0.253691490800616,0.000898289966376703,0.0385038029075291
"Gm15569",85.8363741874936,-1.42154013405381,0.549432500109714,0.000312223831430619,0.0192456278932898
"Shank3",153.247283502937,-1.26523094251494,0.602893356192247,0.000989506460520881,0.0414556474620278
"Gm38469",62.9991881284918,-1.14481477402182,0.456147857113436,0.000422146713719982,0.0234688267030757
"Rapgef3",353.173068426492,1.20044407767549,0.363189368787352,3.94078067753988e-05,0.00416599731418892
"Soat2",2993.03009350408,0.518252003943967,0.203110162686988,0.000718688977722199,0.0333259345737864
"Ciita",79.6134458935697,1.65033112865001,0.403787005480943,1.91614517185211e-06,0.000418649559502409
"Gm9861",175.597384168091,1.08076954733945,0.353879449258251,9.22145056594393e-05,0.00790526285281319
"Snai2",236.820933797677,0.958391348975824,0.445403610392802,0.00105409065002931,0.0430762533176629
"Ypel1",855.15985767302,0.768664652726265,0.222524083950208,2.98316681482784e-05,0.00344788501052643
"Gm41428",585.611321374078,-0.662806499664162,0.290450870223051,0.00103345092766379,0.0424255518654412
"Gm26744",26.9960504344709,1.70097010168039,0.726508506051599,0.00056376911427016,0.0285176651630032
"Masp1",135.412303570704,1.43673585111334,0.442067739141355,4.52161684668687e-05,0.00458844574290586
"Gm32998",199.382327077942,-1.10300327711378,0.291798469920675,7.03944059809896e-06,0.00115827182679849
"Iqcg",600.296145310021,1.26489051713613,0.519673998935446,0.00048346520868244,0.0255547685304348
"1700007L15Rik",720.536100239347,-0.908936144341047,0.316866610975716,0.00017427132148498,0.0126987777580645
"Adcy5",127.655186970249,-5.51657725980508,0.481301497287767,2.16330965656774e-31,1.10345017307379e-27
"LOC118568243",1431.81447861176,0.520592846242397,0.211969331198865,0.000915232388592903,0.0388222170986715
"Robo2",347.246170807603,1.28312468241981,0.474311001113706,0.000239221839224921,0.0160554052161384
"Cyyr1",52.1503958342393,2.6882980365848,0.621681996915405,6.93304957429643e-07,0.000208022074212309
"Sh3bgr",230.996998766175,0.838336920093519,0.322601023182421,0.000398496990279057,0.0225222551043313
"Mx1",373.602848053923,1.05604223277359,0.432500841102315,0.000515755413155315,0.0267759737776282
"Ezr",24624.3141506693,-0.595795274718991,0.234875425475539,0.00065259781527397,0.0315520218602721
"Dll1",187.490417554602,1.20692423262135,0.538317320548828,0.000768078095288574,0.0345940339474013
"Gm52290",126.924051339504,1.32062771237743,0.376278275696029,1.89048677536634e-05,0.00241072510486246
"Gm30818",124.443014097084,1.23669317646644,0.514973752401401,0.000535313093470277,0.0275113174964082
"Sox8",22984.3607458412,-0.628153179585111,0.194001081574717,7.30792003258358e-05,0.00670008058164875
"Arhgdig",5123.42937228323,-0.873623776069369,0.324384127823609,0.000293223371918473,0.0183546591880999
"Fam234a",7858.4332397886,-0.640718311189756,0.263595040968254,0.000753110911111941,0.0344833850528287
"Itpr3",646.212641881685,-1.59586695333287,0.357273678411725,3.34919096989987e-07,0.000115207518770998
"Myo1f",176.311610297472,-1.64220719881988,0.357530561327943,1.92281495115898e-07,7.26503582379567e-05
"Tapbp",10108.0031233207,-0.592954687324852,0.234099962753294,0.000634363270628766,0.031142932493294
"H2-Ke6",4767.77687615703,-0.878372459422168,0.229252849052486,6.36465457243197e-06,0.00106441022328959
"H2-DMb2",186.889719972722,-1.97829447656241,0.357569940021549,1.40656952358515e-09,1.30446536316854e-06
"H2-DMb1",388.574780288679,-1.81854145779213,0.332028371862855,1.94725142463846e-09,1.65540711737077e-06
"Pbx2",12009.2629760408,-0.499924714316597,0.193426062691163,0.000682312955771461,0.0323181323296225
"Clic1",52057.2107781418,-0.67476537199193,0.276081184929869,0.000684283348840706,0.0323181323296225
"Ltb",79.8595125506828,1.00223943967545,0.463822036005244,0.00102105818256043,0.0421835160425492
"Ier3",6228.5130294576,-0.690292702527235,0.204250775038902,4.12474509543e-05,0.00429373337663563
"Mir1894",142.288130769857,-2.22748343565928,0.333871796105013,1.20827387725061e-12,3.52177313107773e-09
"H2-Bl",632.051958443885,-0.691434648294457,0.251985055936447,0.000306343029829443,0.0189979235185718
"Gm10499",2355.61480564508,-0.698079136988996,0.232283274079447,0.000140459675648888,0.0108965732405485
"Gm8909",2261.15328922589,-0.664744301079321,0.263387165809043,0.000572082444329449,0.0286083287050337
"Mrps18a",15939.2192695501,-0.736670203036503,0.284523137985735,0.000446339558533458,0.0239775262542651
"Polh",7631.96261013378,-0.485353891457172,0.18535376717605,0.000650636061943275,0.0315318944699018
"Ttbk1",23162.1246945007,-0.51875369103799,0.196986470453058,0.000567541350455255,0.028521049688026
"Srf",10986.7445102168,-0.599300989526961,0.24285409676066,0.000760513206894915,0.0345584653903718
"Ptk7",5302.27830237393,-0.971223760637459,0.199252115647683,5.71087923696463e-08,2.77426354932832e-05
"Klhdc3",16618.8934966204,-0.583876004783258,0.259714762580255,0.001281693148701,0.0497155614314572
"Guca1a",3060.64148432291,-0.720713348260894,0.323366898954742,0.00119665591223312,0.0472250881572385
"AI661453",3122.16234716111,-0.735707043441174,0.245462179030138,0.00013689058672396,0.0107422255420344
"Taf8",10014.4127221728,-0.620473198751181,0.177374513381681,2.99110741980678e-05,0.00344788501052643
"Foxp4",9202.84910740874,-0.743163105116007,0.21633463763275,3.22349576333009e-05,0.00365383244773465
"Daam2",11362.980919326,-0.861881145317248,0.175263836797608,4.31562230764314e-08,2.25773440879085e-05
"Mllt1",12582.6610330517,-0.569902807370717,0.224721459241548,0.000662847791211566,0.0318213729037402
"Trip10",3836.69555676605,-0.710784964184882,0.249547894983167,0.000221159478323585,0.014941446477603
"Rab31",18708.2531656032,-0.651494783673292,0.265417988267822,0.000691938053477874,0.0325838874675278
"Togaram2",1142.48463489579,0.758181142025875,0.273308666371241,0.000261060503071052,0.0170718507825599
"Crim1",987.436023520321,1.71853497214511,0.419819982782808,1.8015613154896e-06,0.00040460849653811
"Gm52296",21.9020906771071,2.8501318503394,0.757117356614737,7.99333840480338e-06,0.0012642487090946
"Epcam",50.849986242303,1.43011638031516,0.503111211705855,0.000167837242170238,0.012380609007118
"Mep1b",172.560170687609,1.67640834926395,0.326815287930071,1.30354426185917e-08,8.86540452490422e-06
"Gm46617",70.1781982505024,0.932365650431255,0.451745088862172,0.00128833580339908,0.0497525683277728
"Ecscr",282.829836443515,1.04567197000637,0.373080648094143,0.000200655103756081,0.0139725804844209
"Gm29417",605.534491674674,0.505244680182026,0.215197929380298,0.00124074304563561,0.0484234452015344
"Pcdhb4",139.017873190597,1.06361399244366,0.40829767545617,0.00033852198226191,0.0202547331498233
"Pcdhb6",885.848950264718,0.568012662433801,0.250275108428264,0.00129057677604973,0.0497525683277728
"Pcdhb7",289.833502356003,0.777621734504705,0.303473029376978,0.000458618705643915,0.0244313249379968
"Pcdhb16",278.190776521324,1.0414252889565,0.41163828285279,0.000415937204837088,0.0232850588086338
"Pcdhb17",1221.88471677007,0.862000965554241,0.327432223580851,0.000359662749088311,0.0212701422308661
"Pcdhb19",286.392579388892,0.876983927581072,0.3541139276843,0.000539484376902574,0.0276185424675706
"Pcdh12",93.4352059155285,1.04129425216184,0.359115779021806,0.000153289617801768,0.0115408415941309
"Fgf1",1946.02973973699,1.47327466007949,0.294365232247154,2.68988313968245e-08,1.61416722643944e-05
"Ppp2r2b",4921.5291552733,0.554326820007121,0.211240363076424,0.000540106770796485,0.0276185424675706
"Slc27a6",43.3619833579435,2.94989686072173,0.713089121145756,1.24613179645157e-06,0.000302676512416682
"Isoc1",6021.67924669863,0.545288821949818,0.221319062371489,0.000843190046205993,0.0369970032532062
"Pde6a",105.015622762298,1.06595808330305,0.473730067679806,0.000804696975944276,0.035926110284882
"Apcdd1",835.713134172257,0.762003229043057,0.282771878189694,0.000328127810601886,0.0198070760938174
"Gpr152",136.620041707432,-2.98717676238436,0.683291182646079,4.55742381598247e-07,0.000149975996963694
"Sipa1",2007.94018684627,-1.38215041531758,0.433612289762042,4.68174850741383e-05,0.00468243699984139
"Flrt1",6043.14031330916,-1.48484252843639,0.233128893371681,9.16853103070104e-12,1.87065538619393e-08
"Gm2518",208.163301578936,-0.893640137837879,0.416427097914654,0.00109185168928106,0.0442883698139195
"Slc15a3",162.100820407747,-0.0671238606414109,0.179026493342027,3.38795820529328e-07,0.000115207518770998
"Gda",121.244456051181,2.39596816991474,0.44699389463028,3.85746877964805e-09,2.91496057448737e-06
"2410080I02Rik",244.196993362533,-1.07180704124031,0.384803317669867,0.000204015192586647,0.0141102439808317
"Rln1",276.648597494082,1.04216506697436,0.441897080481927,0.000624848722672994,0.0307941750934712
"Ermp1",72733.2602898324,-0.506835630533285,0.184586301255675,0.000428882218733767,0.0235079187995773
"Dkk1",39015.9034626616,-1.16000529605693,0.203979980295211,6.60063851468837e-10,7.08804355869404e-07
"Lipa",1266.71535539006,-0.919442263958826,0.241086806952465,6.70707092804361e-06,0.00111255583857621
"Golga7b",1415.3728760584,-1.30772025441036,0.362174285285462,1.24011858823008e-05,0.00171388543404833
"Sorcs1",160.438123061372,1.66802160758087,0.497327352699653,3.04228279541757e-05,0.00348717392555644
"Gm30541",502.293171406131,-0.0870291149579217,0.19397241409324,0.000757380395247415,0.0345346328197252
"Gm5169",27.8161142400832,-2.92179474078228,0.779683252816591,7.11137173121681e-06,0.00116074653945613
"Gm2012",24.5490860822055,-2.77892309783408,0.818793924178534,2.59843882405064e-05,0.00306450562584423
"Gm14525",8.76389724487493,-0.080100166740214,0.187952633307271,0.000682829327413318,0.0323181323296225
"Gm6121",29.228429869621,-3.15096521744967,0.73437189425509,7.82835948244303e-07,0.000220636784577056
"Gm10230",26.1691653141043,-3.20119446441482,0.752417088810884,9.77308606901825e-07,0.000262569179468744
"Gm10058",17.9263534457244,-2.75125636886418,0.842793453518699,4.46556530505944e-05,0.00455554644595639
"Gm4836",18.1901921293052,-2.78160987033688,0.839034186041719,3.77265555750698e-05,0.00409433464573484
"Gm10147",18.0965235423737,-2.7746670149059,0.835818388521975,3.72011351521381e-05,0.00408072451886599
"Gm10096",18.0965235423737,-2.7746670149059,0.835818388521975,3.72011351521381e-05,0.00408072451886599
"Gm10488",20.3087347988151,-3.02784677341342,0.783421013461953,5.24275237255691e-06,0.000932430123779094
"Gm14632",26.2038887758977,-3.21754692343824,0.735853945375044,5.90971748676014e-07,0.000182690857397526
"Gm10487",18.1901921293052,-2.78160987033688,0.839034186041719,3.77265555750698e-05,0.00409433464573484
"Gm10486",18.6070338323217,-2.84196281048421,0.8179258709333,2.20567042201073e-05,0.00267870795358839
"Gm14819",25.3776492633617,-3.1407697870383,0.760391642464239,1.64909004855174e-06,0.000382345275688649
"Il13ra1",649.352170555458,1.47338279863661,0.225582215768945,3.37384165843813e-12,8.55848771986351e-09
"Zcchc12",481.39360730678,1.51169656810905,0.312333408482235,6.03485003511184e-08,2.86346616898574e-05
"Tcp11x2",27.0132768207958,2.60164042586014,0.70023782311924,7.79033151141681e-06,0.00124176667052685
"Trpc5os",30.2839412885306,2.46338583236127,1.07607059121338,0.000550264649011018,0.0279279841636115
"Nlgn4l",468.529270319667,4.29688115596872,0.352262617355038,1.4565229324779e-35,1.48587186956733e-31
"mt-Rnr1",138006.614548126,-0.609500907889435,0.269872485552219,0.00117804942117615,0.0466713443500135
